[  285535ms] [INFO] [Status] محطة وقود الهاني | activeDevices: 0 | final status: طابور خفيف @ http://localhost:5173/app.js:340
[  285535ms] [INFO] [Status] مستودع الغاز الهاني | activeDevices: 0 | final status: طابور خفيف @ http://localhost:5173/app.js:340
[  285535ms] [INFO] [Status] محطة وقود | activeDevices: 0 | final status: طابور خفيف @ http://localhost:5173/app.js:340
[  285535ms] [INFO] [Status] محطة وقود | activeDevices: 0 | final status: طابور خفيف @ http://localhost:5173/app.js:340
[  285535ms] [INFO] [Status] محطة وقود | activeDevices: 0 | final status: طابور خفيف @ http://localhost:5173/app.js:340
[  285535ms] [INFO] [Status] Oilibya | activeDevices: 0 | final status: طابور خفيف @ http://localhost:5173/app.js:340
[  285535ms] [INFO] [Status] موزع غاز الطهي | activeDevices: 0 | final status: طابور خفيف @ http://localhost:5173/app.js:340
[  285535ms] [INFO] [Status] موزع غاز | activeDevices: 0 | final status: طابور خفيف @ http://localhost:5173/app.js:340
[  285535ms] [INFO] [Status] شركة البريقة لتسويق النفط مستودع الهاني | activeDevices: 0 | final status: طابور خفيف @ http://localhost:5173/app.js:340
[  285535ms] [INFO] [Status] محطة وقود ابوستة | activeDevices: 0 | final status: طابور خفيف @ http://localhost:5173/app.js:340
[  285535ms] [INFO] [Status] محطة وقود الشرارة | activeDevices: 0 | final status: طابور خفيف @ http://localhost:5173/app.js:340
[  285535ms] [INFO] [Status] محطة وقود بن عاشور | activeDevices: 0 | final status: طابور خفيف @ http://localhost:5173/app.js:340
[  285535ms] [INFO] [Status] محطة وقود زاوية الدهماني | activeDevices: 0 | final status: طابور خفيف @ http://localhost:5173/app.js:340
[  285535ms] [INFO] [Status] محطة زاوية الدهماني للوقود | activeDevices: 0 | final status: طابور خفيف @ http://localhost:5173/app.js:340
[  285535ms] [INFO] [Status] Oilibya | activeDevices: 0 | final status: طابور خفيف @ http://localhost:5173/app.js:340
[  285535ms] [INFO] [Status] محطة وقود باب بن غشير | activeDevices: 0 | final status: طابور خفيف @ http://localhost:5173/app.js:340
[  285535ms] [INFO] [Status] محطة وقود | activeDevices: 0 | final status: طابور خفيف @ http://localhost:5173/app.js:340
[  285535ms] [INFO] [Status] محطة وقود الشرقية | activeDevices: 0 | final status: طابور خفيف @ http://localhost:5173/app.js:340
[  285535ms] [INFO] [Status] محطة وقود عرادة | activeDevices: 0 | final status: طابور خفيف @ http://localhost:5173/app.js:340
[  285535ms] [INFO] [Status] محطة وقود | activeDevices: 0 | final status: طابور خفيف @ http://localhost:5173/app.js:340
[  285535ms] [INFO] [Status] محطة وقود الهضبة | activeDevices: 0 | final status: طابور خفيف @ http://localhost:5173/app.js:340
[  285535ms] [INFO] [Status] محطة وقود غير مسماة - node/10051127673 | activeDevices: 0 | final status: طابور خفيف @ http://localhost:5173/app.js:340
[  285535ms] [INFO] [Status] محطة وقود | activeDevices: 0 | final status: طابور خفيف @ http://localhost:5173/app.js:340
[  285535ms] [INFO] [Status] محطة وقود شارع الصريم | activeDevices: 0 | final status: طابور خفيف @ http://localhost:5173/app.js:340
[  285535ms] [INFO] [Status] محطة وقود بركة | activeDevices: 0 | final status: طابور خفيف @ http://localhost:5173/app.js:340
[  285535ms] [INFO] [Status] محطة وقود | activeDevices: 0 | final status: طابور خفيف @ http://localhost:5173/app.js:340
[  285535ms] [INFO] [Status] محطة وقود الفلاح | activeDevices: 0 | final status: طابور خفيف @ http://localhost:5173/app.js:340
[  285535ms] [INFO] [Status] محطة وقود المنصورة | activeDevices: 0 | final status: طابور خفيف @ http://localhost:5173/app.js:340
[  285535ms] [INFO] [Status] محطة وقود أبوسليم | activeDevices: 0 | final status: طابور خفيف @ http://localhost:5173/app.js:340
[  285535ms] [INFO] [Status] محطة وقود السدرة -الراحلة | activeDevices: 0 | final status: طابور خفيف @ http://localhost:5173/app.js:340
[  285535ms] [INFO] [Status] محطة وقود | activeDevices: 0 | final status: طابور خفيف @ http://localhost:5173/app.js:340
[  285535ms] [INFO] [Status] محطة وقود طريق المشتل | activeDevices: 0 | final status: طابور خفيف @ http://localhost:5173/app.js:340
[  285535ms] [INFO] [Status] محطة وقود الراحلة | activeDevices: 0 | final status: طابور خفيف @ http://localhost:5173/app.js:340
[  285535ms] [INFO] [Status] محطة وقود | activeDevices: 0 | final status: طابور خفيف @ http://localhost:5173/app.js:340
[  285535ms] [INFO] [Status] محطة وقود السويحلي | activeDevices: 0 | final status: طابور خفيف @ http://localhost:5173/app.js:340
[  285535ms] [INFO] [Status] محطة وقود الفلاح | activeDevices: 0 | final status: طابور خفيف @ http://localhost:5173/app.js:340
[  285535ms] [INFO] [Status] محطة وقود البيفي | activeDevices: 0 | final status: طابور خفيف @ http://localhost:5173/app.js:340
[  285535ms] [INFO] [Status] محطة وقود / برقان | activeDevices: 0 | final status: طابور خفيف @ http://localhost:5173/app.js:340
[  285535ms] [INFO] [Status] محطة وقود / الجبو | activeDevices: 0 | final status: طابور خفيف @ http://localhost:5173/app.js:340
[  285535ms] [INFO] [Status] محطة وقود | activeDevices: 0 | final status: طابور خفيف @ http://localhost:5173/app.js:340
[  285535ms] [INFO] [Status] محطة وقود الخبولي | activeDevices: 0 | final status: طابور خفيف @ http://localhost:5173/app.js:340
[  285535ms] [INFO] [Status] محطة وقود | activeDevices: 0 | final status: طابور خفيف @ http://localhost:5173/app.js:340
[  285535ms] [INFO] [Status] محطة وقود | activeDevices: 0 | final status: طابور خفيف @ http://localhost:5173/app.js:340
[  285535ms] [INFO] [Status] محطة وقود | activeDevices: 0 | final status: طابور خفيف @ http://localhost:5173/app.js:340
[  285535ms] [INFO] [Status] محطة وقود | activeDevices: 0 | final status: طابور خفيف @ http://localhost:5173/app.js:340
[  285535ms] [INFO] [Status] أويليبيا | activeDevices: 0 | final status: طابور خفيف @ http://localhost:5173/app.js:340
[  285535ms] [INFO] [Status] محطة وقود | activeDevices: 0 | final status: طابور خفيف @ http://localhost:5173/app.js:340
[  285535ms] [INFO] [Status] أويليبيا | activeDevices: 0 | final status: طابور خفيف @ http://localhost:5173/app.js:340
[  285535ms] [INFO] [Status] محطة توزيع غاز | activeDevices: 0 | final status: طابور خفيف @ http://localhost:5173/app.js:340
[  285535ms] [INFO] [Status] محطة وقود | activeDevices: 0 | final status: طابور خفيف @ http://localhost:5173/app.js:340
[  285535ms] [INFO] [Status] محطة وقود غير مسماة - node/12492729341 | activeDevices: 0 | final status: طابور خفيف @ http://localhost:5173/app.js:340
[  285535ms] [INFO] [Status] محطة وقود | activeDevices: 0 | final status: طابور خفيف @ http://localhost:5173/app.js:340
[  285535ms] [INFO] [Status] محطة وقود | activeDevices: 0 | final status: طابور خفيف @ http://localhost:5173/app.js:340
[  285535ms] [INFO] [Status] غاز بنبلي | activeDevices: 0 | final status: طابور خفيف @ http://localhost:5173/app.js:340
[  285535ms] [INFO] [Status] محطة وقود البوعيشي | activeDevices: 0 | final status: طابور خفيف @ http://localhost:5173/app.js:340
[  285536ms] [INFO] [Status] محطة وقود اسبان | activeDevices: 0 | final status: طابور خفيف @ http://localhost:5173/app.js:340
[  285536ms] [INFO] [Status] محطة وقود اسبان | activeDevices: 0 | final status: طابور خفيف @ http://localhost:5173/app.js:340
[  285536ms] [INFO] [Status] محطة وقود أحمد محمود | activeDevices: 0 | final status: طابور خفيف @ http://localhost:5173/app.js:340
[  285536ms] [INFO] [Status] محطة وقود المشري | activeDevices: 0 | final status: طابور خفيف @ http://localhost:5173/app.js:340
[  285536ms] [INFO] [Status] محطة وقود تاجواء الوسط | activeDevices: 0 | final status: طابور خفيف @ http://localhost:5173/app.js:340
[  285536ms] [INFO] [Status] محطة وقود | activeDevices: 0 | final status: طابور خفيف @ http://localhost:5173/app.js:340
[  285536ms] [INFO] [Status] محطة وقود | activeDevices: 0 | final status: طابور خفيف @ http://localhost:5173/app.js:340
[  285536ms] [INFO] [Status] محطة وقود الشعافي | activeDevices: 0 | final status: طابور خفيف @ http://localhost:5173/app.js:340
[  285536ms] [INFO] [Status] محطة وقود السويحلي | activeDevices: 0 | final status: مسكر @ http://localhost:5173/app.js:340
[  285536ms] [INFO] [Status] محطة وقود | activeDevices: 0 | final status: طابور خفيف @ http://localhost:5173/app.js:340
[  285536ms] [INFO] [Status] محطة وقود | activeDevices: 0 | final status: طابور خفيف @ http://localhost:5173/app.js:340
[  285536ms] [INFO] [Status] محطة وقود | activeDevices: 0 | final status: طابور خفيف @ http://localhost:5173/app.js:340
[  285536ms] [INFO] [Status] محطة وقود غوط الشعال | activeDevices: 0 | final status: طابور خفيف @ http://localhost:5173/app.js:340
[  285536ms] [INFO] [Status] محطة وقود | activeDevices: 0 | final status: طابور خفيف @ http://localhost:5173/app.js:340
[  285536ms] [INFO] [Status] محطة ابو نواس | activeDevices: 0 | final status: طابور خفيف @ http://localhost:5173/app.js:340
[  285536ms] [INFO] [Status] محطة وقود بير | activeDevices: 0 | final status: طابور خفيف @ http://localhost:5173/app.js:340
[  285536ms] [INFO] [Status] محطة وقود ابونواس | activeDevices: 0 | final status: طابور خفيف @ http://localhost:5173/app.js:340
[  285536ms] [INFO] [Status] محطة وقود القاضي | activeDevices: 0 | final status: طابور خفيف @ http://localhost:5173/app.js:340
[  285536ms] [INFO] [Status] محطة وقود | activeDevices: 0 | final status: طابور خفيف @ http://localhost:5173/app.js:340
[  285536ms] [INFO] [Status] محطة وقود | activeDevices: 0 | final status: طابور خفيف @ http://localhost:5173/app.js:340
[  285536ms] [INFO] [Status] محطة وقود غير مسماة - way/569303812 | activeDevices: 0 | final status: طابور خفيف @ http://localhost:5173/app.js:340
[  285536ms] [INFO] [Status] Oilibya | activeDevices: 0 | final status: طابور خفيف @ http://localhost:5173/app.js:340
[  285536ms] [INFO] [Status] محطة وقود الضواحي ⛽ | activeDevices: 0 | final status: طابور خفيف @ http://localhost:5173/app.js:340
[  285536ms] [INFO] [Status] محطة وقود | activeDevices: 0 | final status: طابور خفيف @ http://localhost:5173/app.js:340
[  285536ms] [INFO] [Status] محطة وقود / شيل الرقبة | activeDevices: 0 | final status: طابور خفيف @ http://localhost:5173/app.js:340
[  285536ms] [INFO] [Status] محطة وقود | activeDevices: 0 | final status: طابور خفيف @ http://localhost:5173/app.js:340
[  285536ms] [INFO] [Status] موزع غاز حكومي | activeDevices: 0 | final status: طابور خفيف @ http://localhost:5173/app.js:340
[  285536ms] [INFO] [Status] محطة وقود | activeDevices: 0 | final status: طابور خفيف @ http://localhost:5173/app.js:340
[  285536ms] [INFO] [Status] محطة وقود بن غرسة | activeDevices: 0 | final status: طابور خفيف @ http://localhost:5173/app.js:340
[  285536ms] [INFO] [Status] محطة وقود | activeDevices: 0 | final status: طابور خفيف @ http://localhost:5173/app.js:340
[  285536ms] [INFO] [Status] تحت الانشاء | activeDevices: 0 | final status: طابور خفيف @ http://localhost:5173/app.js:340
[  285536ms] [INFO] [Status] محطة وقود | activeDevices: 0 | final status: طابور خفيف @ http://localhost:5173/app.js:340
[  285536ms] [INFO] [Status] محطة وقود السلامة | activeDevices: 0 | final status: طابور خفيف @ http://localhost:5173/app.js:340
[  285536ms] [INFO] [Status] محطة وقود | activeDevices: 0 | final status: طابور خفيف @ http://localhost:5173/app.js:340
[  285536ms] [INFO] [Status] محطة وقود | activeDevices: 0 | final status: طابور خفيف @ http://localhost:5173/app.js:340
[  285536ms] [INFO] [Status] محطة وقود غير مسماة - way/569420777 | activeDevices: 0 | final status: طابور خفيف @ http://localhost:5173/app.js:340
[  285536ms] [INFO] [Status] محطة وقود الحبايبية | activeDevices: 0 | final status: عالبومبة طول @ http://localhost:5173/app.js:340
[  285536ms] [INFO] [Status] محطة وقود الرحمة | activeDevices: 0 | final status: طابور خفيف @ http://localhost:5173/app.js:340
[  285536ms] [INFO] [Status] محطة وقود | activeDevices: 0 | final status: طابور خفيف @ http://localhost:5173/app.js:340
[  285536ms] [INFO] [Status] محطة وقود السراج | activeDevices: 0 | final status: طابور خفيف @ http://localhost:5173/app.js:340
[  285536ms] [INFO] [Status] محطة وقود | activeDevices: 0 | final status: طابور خفيف @ http://localhost:5173/app.js:340
[  285536ms] [INFO] [Status] محطه شركة السلام - ليبيا نفط | activeDevices: 0 | final status: طابور خفيف @ http://localhost:5173/app.js:340
[  285536ms] [INFO] [Status] محطة وقود | activeDevices: 0 | final status: طابور خفيف @ http://localhost:5173/app.js:340
[  285536ms] [INFO] [Status] محطة وقود فتروش | activeDevices: 0 | final status: طابور خفيف @ http://localhost:5173/app.js:340
[  285536ms] [INFO] [Status] محطة وقود غير مسماة - way/875267927 | activeDevices: 0 | final status: طابور خفيف @ http://localhost:5173/app.js:340
[  285536ms] [INFO] [Status] محطة وقود بير العالم | activeDevices: 0 | final status: طابور خفيف @ http://localhost:5173/app.js:340
[  285536ms] [INFO] [Status] محطة وقود كرواط | activeDevices: 0 | final status: طابور خفيف @ http://localhost:5173/app.js:340
[  285536ms] [INFO] [Status] محطة وقود | activeDevices: 0 | final status: طابور خفيف @ http://localhost:5173/app.js:340
[  285536ms] [INFO] [Status] محطة وقود | activeDevices: 0 | final status: طابور خفيف @ http://localhost:5173/app.js:340
[  285536ms] [INFO] [Status] محطة وقود بير العالم | activeDevices: 0 | final status: طابور خفيف @ http://localhost:5173/app.js:340
[  285536ms] [INFO] [Status] محطة وقود المقرحي | activeDevices: 0 | final status: طابور خفيف @ http://localhost:5173/app.js:340
[  285536ms] [INFO] [Status] محطة وقود المقرحي | activeDevices: 0 | final status: طابور خفيف @ http://localhost:5173/app.js:340
[  285536ms] [INFO] [Status] محطة وقود الضبيع | activeDevices: 0 | final status: طابور خفيف @ http://localhost:5173/app.js:340
[  285536ms] [INFO] [Status] محطة وقود | activeDevices: 0 | final status: طابور خفيف @ http://localhost:5173/app.js:340
[  285536ms] [INFO] [Status] محطة وقود الشرارة | activeDevices: 0 | final status: طابور خفيف @ http://localhost:5173/app.js:340
[  285536ms] [INFO] [Status] محطة المشاط | activeDevices: 0 | final status: طابور خفيف @ http://localhost:5173/app.js:340
[  285536ms] [INFO] [Status] محطة وقود غير مسماة - node/8014161288 | activeDevices: 0 | final status: طابور خفيف @ http://localhost:5173/app.js:340
[  285536ms] [INFO] [Status] محطة وقود المبدع | activeDevices: 0 | final status: طابور خفيف @ http://localhost:5173/app.js:340
[  285536ms] [INFO] [Status] محطة وقود | activeDevices: 0 | final status: طابور خفيف @ http://localhost:5173/app.js:340
[  285536ms] [INFO] [Home] total stations loaded: 114, rendered station count: 22, best station found: yes @ http://localhost:5173/app.js:382
[  305535ms] [INFO] [Repository] Presence fetch succeeded. Active rows: 0. @ http://localhost:5173/repository.mjs:186
[  305535ms] [INFO] [Status] محطة وقود الهاني | activeDevices: 0 | final status: طابور خفيف @ http://localhost:5173/app.js:340
[  305535ms] [INFO] [Status] مستودع الغاز الهاني | activeDevices: 0 | final status: طابور خفيف @ http://localhost:5173/app.js:340
[  305535ms] [INFO] [Status] محطة وقود | activeDevices: 0 | final status: طابور خفيف @ http://localhost:5173/app.js:340
[  305535ms] [INFO] [Status] محطة وقود | activeDevices: 0 | final status: طابور خفيف @ http://localhost:5173/app.js:340
[  305536ms] [INFO] [Status] محطة وقود | activeDevices: 0 | final status: طابور خفيف @ http://localhost:5173/app.js:340
[  305536ms] [INFO] [Status] Oilibya | activeDevices: 0 | final status: طابور خفيف @ http://localhost:5173/app.js:340
[  305536ms] [INFO] [Status] موزع غاز الطهي | activeDevices: 0 | final status: طابور خفيف @ http://localhost:5173/app.js:340
[  305536ms] [INFO] [Status] موزع غاز | activeDevices: 0 | final status: طابور خفيف @ http://localhost:5173/app.js:340
[  305536ms] [INFO] [Status] شركة البريقة لتسويق النفط مستودع الهاني | activeDevices: 0 | final status: طابور خفيف @ http://localhost:5173/app.js:340
[  305536ms] [INFO] [Status] محطة وقود ابوستة | activeDevices: 0 | final status: طابور خفيف @ http://localhost:5173/app.js:340
[  305536ms] [INFO] [Status] محطة وقود الشرارة | activeDevices: 0 | final status: طابور خفيف @ http://localhost:5173/app.js:340
[  305536ms] [INFO] [Status] محطة وقود بن عاشور | activeDevices: 0 | final status: طابور خفيف @ http://localhost:5173/app.js:340
[  305536ms] [INFO] [Status] محطة وقود زاوية الدهماني | activeDevices: 0 | final status: طابور خفيف @ http://localhost:5173/app.js:340
[  305536ms] [INFO] [Status] محطة زاوية الدهماني للوقود | activeDevices: 0 | final status: طابور خفيف @ http://localhost:5173/app.js:340
[  305536ms] [INFO] [Status] Oilibya | activeDevices: 0 | final status: طابور خفيف @ http://localhost:5173/app.js:340
[  305536ms] [INFO] [Status] محطة وقود باب بن غشير | activeDevices: 0 | final status: طابور خفيف @ http://localhost:5173/app.js:340
[  305536ms] [INFO] [Status] محطة وقود | activeDevices: 0 | final status: طابور خفيف @ http://localhost:5173/app.js:340
[  305536ms] [INFO] [Status] محطة وقود الشرقية | activeDevices: 0 | final status: طابور خفيف @ http://localhost:5173/app.js:340
[  305536ms] [INFO] [Status] محطة وقود عرادة | activeDevices: 0 | final status: طابور خفيف @ http://localhost:5173/app.js:340
[  305536ms] [INFO] [Status] محطة وقود | activeDevices: 0 | final status: طابور خفيف @ http://localhost:5173/app.js:340
[  305536ms] [INFO] [Status] محطة وقود الهضبة | activeDevices: 0 | final status: طابور خفيف @ http://localhost:5173/app.js:340
[  305536ms] [INFO] [Status] محطة وقود غير مسماة - node/10051127673 | activeDevices: 0 | final status: طابور خفيف @ http://localhost:5173/app.js:340
[  305536ms] [INFO] [Status] محطة وقود | activeDevices: 0 | final status: طابور خفيف @ http://localhost:5173/app.js:340
[  305536ms] [INFO] [Status] محطة وقود شارع الصريم | activeDevices: 0 | final status: طابور خفيف @ http://localhost:5173/app.js:340
[  305536ms] [INFO] [Status] محطة وقود بركة | activeDevices: 0 | final status: طابور خفيف @ http://localhost:5173/app.js:340
[  305536ms] [INFO] [Status] محطة وقود | activeDevices: 0 | final status: طابور خفيف @ http://localhost:5173/app.js:340
[  305536ms] [INFO] [Status] محطة وقود الفلاح | activeDevices: 0 | final status: طابور خفيف @ http://localhost:5173/app.js:340
[  305536ms] [INFO] [Status] محطة وقود المنصورة | activeDevices: 0 | final status: طابور خفيف @ http://localhost:5173/app.js:340
[  305536ms] [INFO] [Status] محطة وقود أبوسليم | activeDevices: 0 | final status: طابور خفيف @ http://localhost:5173/app.js:340
[  305536ms] [INFO] [Status] محطة وقود السدرة -الراحلة | activeDevices: 0 | final status: طابور خفيف @ http://localhost:5173/app.js:340
[  305536ms] [INFO] [Status] محطة وقود | activeDevices: 0 | final status: طابور خفيف @ http://localhost:5173/app.js:340
[  305536ms] [INFO] [Status] محطة وقود طريق المشتل | activeDevices: 0 | final status: طابور خفيف @ http://localhost:5173/app.js:340
[  305536ms] [INFO] [Status] محطة وقود الراحلة | activeDevices: 0 | final status: طابور خفيف @ http://localhost:5173/app.js:340
[  305536ms] [INFO] [Status] محطة وقود | activeDevices: 0 | final status: طابور خفيف @ http://localhost:5173/app.js:340
[  305536ms] [INFO] [Status] محطة وقود السويحلي | activeDevices: 0 | final status: طابور خفيف @ http://localhost:5173/app.js:340
[  305536ms] [INFO] [Status] محطة وقود الفلاح | activeDevices: 0 | final status: طابور خفيف @ http://localhost:5173/app.js:340
[  305536ms] [INFO] [Status] محطة وقود البيفي | activeDevices: 0 | final status: طابور خفيف @ http://localhost:5173/app.js:340
[  305536ms] [INFO] [Status] محطة وقود / برقان | activeDevices: 0 | final status: طابور خفيف @ http://localhost:5173/app.js:340
[  305536ms] [INFO] [Status] محطة وقود / الجبو | activeDevices: 0 | final status: طابور خفيف @ http://localhost:5173/app.js:340
[  305536ms] [INFO] [Status] محطة وقود | activeDevices: 0 | final status: طابور خفيف @ http://localhost:5173/app.js:340
[  305536ms] [INFO] [Status] محطة وقود الخبولي | activeDevices: 0 | final status: طابور خفيف @ http://localhost:5173/app.js:340
[  305536ms] [INFO] [Status] محطة وقود | activeDevices: 0 | final status: طابور خفيف @ http://localhost:5173/app.js:340
[  305536ms] [INFO] [Status] محطة وقود | activeDevices: 0 | final status: طابور خفيف @ http://localhost:5173/app.js:340
[  305536ms] [INFO] [Status] محطة وقود | activeDevices: 0 | final status: طابور خفيف @ http://localhost:5173/app.js:340
[  305536ms] [INFO] [Status] محطة وقود | activeDevices: 0 | final status: طابور خفيف @ http://localhost:5173/app.js:340
[  305536ms] [INFO] [Status] أويليبيا | activeDevices: 0 | final status: طابور خفيف @ http://localhost:5173/app.js:340
[  305536ms] [INFO] [Status] محطة وقود | activeDevices: 0 | final status: طابور خفيف @ http://localhost:5173/app.js:340
[  305536ms] [INFO] [Status] أويليبيا | activeDevices: 0 | final status: طابور خفيف @ http://localhost:5173/app.js:340
[  305536ms] [INFO] [Status] محطة توزيع غاز | activeDevices: 0 | final status: طابور خفيف @ http://localhost:5173/app.js:340
[  305536ms] [INFO] [Status] محطة وقود | activeDevices: 0 | final status: طابور خفيف @ http://localhost:5173/app.js:340
[  305536ms] [INFO] [Status] محطة وقود غير مسماة - node/12492729341 | activeDevices: 0 | final status: طابور خفيف @ http://localhost:5173/app.js:340
[  305536ms] [INFO] [Status] محطة وقود | activeDevices: 0 | final status: طابور خفيف @ http://localhost:5173/app.js:340
[  305536ms] [INFO] [Status] محطة وقود | activeDevices: 0 | final status: طابور خفيف @ http://localhost:5173/app.js:340
[  305536ms] [INFO] [Status] غاز بنبلي | activeDevices: 0 | final status: طابور خفيف @ http://localhost:5173/app.js:340
[  305536ms] [INFO] [Status] محطة وقود البوعيشي | activeDevices: 0 | final status: طابور خفيف @ http://localhost:5173/app.js:340
[  305536ms] [INFO] [Status] محطة وقود اسبان | activeDevices: 0 | final status: طابور خفيف @ http://localhost:5173/app.js:340
[  305536ms] [INFO] [Status] محطة وقود اسبان | activeDevices: 0 | final status: طابور خفيف @ http://localhost:5173/app.js:340
[  305536ms] [INFO] [Status] محطة وقود أحمد محمود | activeDevices: 0 | final status: طابور خفيف @ http://localhost:5173/app.js:340
[  305536ms] [INFO] [Status] محطة وقود المشري | activeDevices: 0 | final status: طابور خفيف @ http://localhost:5173/app.js:340
[  305536ms] [INFO] [Status] محطة وقود تاجواء الوسط | activeDevices: 0 | final status: طابور خفيف @ http://localhost:5173/app.js:340
[  305536ms] [INFO] [Status] محطة وقود | activeDevices: 0 | final status: طابور خفيف @ http://localhost:5173/app.js:340
[  305536ms] [INFO] [Status] محطة وقود | activeDevices: 0 | final status: طابور خفيف @ http://localhost:5173/app.js:340
[  305537ms] [INFO] [Status] محطة وقود الشعافي | activeDevices: 0 | final status: طابور خفيف @ http://localhost:5173/app.js:340
[  305537ms] [INFO] [Status] محطة وقود السويحلي | activeDevices: 0 | final status: مسكر @ http://localhost:5173/app.js:340
[  305537ms] [INFO] [Status] محطة وقود | activeDevices: 0 | final status: طابور خفيف @ http://localhost:5173/app.js:340
[  305537ms] [INFO] [Status] محطة وقود | activeDevices: 0 | final status: طابور خفيف @ http://localhost:5173/app.js:340
[  305537ms] [INFO] [Status] محطة وقود | activeDevices: 0 | final status: طابور خفيف @ http://localhost:5173/app.js:340
[  305537ms] [INFO] [Status] محطة وقود غوط الشعال | activeDevices: 0 | final status: طابور خفيف @ http://localhost:5173/app.js:340
[  305537ms] [INFO] [Status] محطة وقود | activeDevices: 0 | final status: طابور خفيف @ http://localhost:5173/app.js:340
[  305537ms] [INFO] [Status] محطة ابو نواس | activeDevices: 0 | final status: طابور خفيف @ http://localhost:5173/app.js:340
[  305537ms] [INFO] [Status] محطة وقود بير | activeDevices: 0 | final status: طابور خفيف @ http://localhost:5173/app.js:340
[  305537ms] [INFO] [Status] محطة وقود ابونواس | activeDevices: 0 | final status: طابور خفيف @ http://localhost:5173/app.js:340
[  305537ms] [INFO] [Status] محطة وقود القاضي | activeDevices: 0 | final status: طابور خفيف @ http://localhost:5173/app.js:340
[  305537ms] [INFO] [Status] محطة وقود | activeDevices: 0 | final status: طابور خفيف @ http://localhost:5173/app.js:340
[  305537ms] [INFO] [Status] محطة وقود | activeDevices: 0 | final status: طابور خفيف @ http://localhost:5173/app.js:340
[  305537ms] [INFO] [Status] محطة وقود غير مسماة - way/569303812 | activeDevices: 0 | final status: طابور خفيف @ http://localhost:5173/app.js:340
[  305537ms] [INFO] [Status] Oilibya | activeDevices: 0 | final status: طابور خفيف @ http://localhost:5173/app.js:340
[  305537ms] [INFO] [Status] محطة وقود الضواحي ⛽ | activeDevices: 0 | final status: طابور خفيف @ http://localhost:5173/app.js:340
[  305537ms] [INFO] [Status] محطة وقود | activeDevices: 0 | final status: طابور خفيف @ http://localhost:5173/app.js:340
[  305537ms] [INFO] [Status] محطة وقود / شيل الرقبة | activeDevices: 0 | final status: طابور خفيف @ http://localhost:5173/app.js:340
[  305537ms] [INFO] [Status] محطة وقود | activeDevices: 0 | final status: طابور خفيف @ http://localhost:5173/app.js:340
[  305537ms] [INFO] [Status] موزع غاز حكومي | activeDevices: 0 | final status: طابور خفيف @ http://localhost:5173/app.js:340
[  305537ms] [INFO] [Status] محطة وقود | activeDevices: 0 | final status: طابور خفيف @ http://localhost:5173/app.js:340
[  305537ms] [INFO] [Status] محطة وقود بن غرسة | activeDevices: 0 | final status: طابور خفيف @ http://localhost:5173/app.js:340
[  305537ms] [INFO] [Status] محطة وقود | activeDevices: 0 | final status: طابور خفيف @ http://localhost:5173/app.js:340
[  305537ms] [INFO] [Status] تحت الانشاء | activeDevices: 0 | final status: طابور خفيف @ http://localhost:5173/app.js:340
[  305537ms] [INFO] [Status] محطة وقود | activeDevices: 0 | final status: طابور خفيف @ http://localhost:5173/app.js:340
[  305537ms] [INFO] [Status] محطة وقود السلامة | activeDevices: 0 | final status: طابور خفيف @ http://localhost:5173/app.js:340
[  305537ms] [INFO] [Status] محطة وقود | activeDevices: 0 | final status: طابور خفيف @ http://localhost:5173/app.js:340
[  305537ms] [INFO] [Status] محطة وقود | activeDevices: 0 | final status: طابور خفيف @ http://localhost:5173/app.js:340
[  305537ms] [INFO] [Status] محطة وقود غير مسماة - way/569420777 | activeDevices: 0 | final status: طابور خفيف @ http://localhost:5173/app.js:340
[  305537ms] [INFO] [Status] محطة وقود الحبايبية | activeDevices: 0 | final status: عالبومبة طول @ http://localhost:5173/app.js:340
[  305537ms] [INFO] [Status] محطة وقود الرحمة | activeDevices: 0 | final status: طابور خفيف @ http://localhost:5173/app.js:340
[  305537ms] [INFO] [Status] محطة وقود | activeDevices: 0 | final status: طابور خفيف @ http://localhost:5173/app.js:340
[  305537ms] [INFO] [Status] محطة وقود السراج | activeDevices: 0 | final status: طابور خفيف @ http://localhost:5173/app.js:340
[  305537ms] [INFO] [Status] محطة وقود | activeDevices: 0 | final status: طابور خفيف @ http://localhost:5173/app.js:340
[  305537ms] [INFO] [Status] محطه شركة السلام - ليبيا نفط | activeDevices: 0 | final status: طابور خفيف @ http://localhost:5173/app.js:340
[  305537ms] [INFO] [Status] محطة وقود | activeDevices: 0 | final status: طابور خفيف @ http://localhost:5173/app.js:340
[  305537ms] [INFO] [Status] محطة وقود فتروش | activeDevices: 0 | final status: طابور خفيف @ http://localhost:5173/app.js:340
[  305537ms] [INFO] [Status] محطة وقود غير مسماة - way/875267927 | activeDevices: 0 | final status: طابور خفيف @ http://localhost:5173/app.js:340
[  305537ms] [INFO] [Status] محطة وقود بير العالم | activeDevices: 0 | final status: طابور خفيف @ http://localhost:5173/app.js:340
[  305537ms] [INFO] [Status] محطة وقود كرواط | activeDevices: 0 | final status: طابور خفيف @ http://localhost:5173/app.js:340
[  305537ms] [INFO] [Status] محطة وقود | activeDevices: 0 | final status: طابور خفيف @ http://localhost:5173/app.js:340
[  305537ms] [INFO] [Status] محطة وقود | activeDevices: 0 | final status: طابور خفيف @ http://localhost:5173/app.js:340
[  305537ms] [INFO] [Status] محطة وقود بير العالم | activeDevices: 0 | final status: طابور خفيف @ http://localhost:5173/app.js:340
[  305537ms] [INFO] [Status] محطة وقود المقرحي | activeDevices: 0 | final status: طابور خفيف @ http://localhost:5173/app.js:340
[  305537ms] [INFO] [Status] محطة وقود المقرحي | activeDevices: 0 | final status: طابور خفيف @ http://localhost:5173/app.js:340
[  305537ms] [INFO] [Status] محطة وقود الضبيع | activeDevices: 0 | final status: طابور خفيف @ http://localhost:5173/app.js:340
[  305537ms] [INFO] [Status] محطة وقود | activeDevices: 0 | final status: طابور خفيف @ http://localhost:5173/app.js:340
[  305537ms] [INFO] [Status] محطة وقود الشرارة | activeDevices: 0 | final status: طابور خفيف @ http://localhost:5173/app.js:340
[  305537ms] [INFO] [Status] محطة المشاط | activeDevices: 0 | final status: طابور خفيف @ http://localhost:5173/app.js:340
[  305537ms] [INFO] [Status] محطة وقود غير مسماة - node/8014161288 | activeDevices: 0 | final status: طابور خفيف @ http://localhost:5173/app.js:340
[  305537ms] [INFO] [Status] محطة وقود المبدع | activeDevices: 0 | final status: طابور خفيف @ http://localhost:5173/app.js:340
[  305537ms] [INFO] [Status] محطة وقود | activeDevices: 0 | final status: طابور خفيف @ http://localhost:5173/app.js:340
[  305537ms] [INFO] [Home] total stations loaded: 114, rendered station count: 22, best station found: yes @ http://localhost:5173/app.js:382
[  322299ms] [INFO] [Status] محطة وقود الهاني | activeDevices: 0 | final status: طابور خفيف @ http://localhost:5173/app.js:340
[  322299ms] [INFO] [Status] مستودع الغاز الهاني | activeDevices: 0 | final status: طابور خفيف @ http://localhost:5173/app.js:340
[  322299ms] [INFO] [Status] محطة وقود | activeDevices: 0 | final status: طابور خفيف @ http://localhost:5173/app.js:340
[  322299ms] [INFO] [Status] محطة وقود | activeDevices: 0 | final status: طابور خفيف @ http://localhost:5173/app.js:340
[  322299ms] [INFO] [Status] محطة وقود | activeDevices: 0 | final status: طابور خفيف @ http://localhost:5173/app.js:340
[  322300ms] [INFO] [Status] Oilibya | activeDevices: 0 | final status: طابور خفيف @ http://localhost:5173/app.js:340
[  322300ms] [INFO] [Status] موزع غاز الطهي | activeDevices: 0 | final status: طابور خفيف @ http://localhost:5173/app.js:340
[  322300ms] [INFO] [Status] موزع غاز | activeDevices: 0 | final status: طابور خفيف @ http://localhost:5173/app.js:340
[  322300ms] [INFO] [Status] شركة البريقة لتسويق النفط مستودع الهاني | activeDevices: 0 | final status: طابور خفيف @ http://localhost:5173/app.js:340
[  322300ms] [INFO] [Status] محطة وقود ابوستة | activeDevices: 0 | final status: طابور خفيف @ http://localhost:5173/app.js:340
[  322300ms] [INFO] [Status] محطة وقود الشرارة | activeDevices: 0 | final status: طابور خفيف @ http://localhost:5173/app.js:340
[  322300ms] [INFO] [Status] محطة وقود بن عاشور | activeDevices: 0 | final status: طابور خفيف @ http://localhost:5173/app.js:340
[  322300ms] [INFO] [Status] محطة وقود زاوية الدهماني | activeDevices: 0 | final status: طابور خفيف @ http://localhost:5173/app.js:340
[  322300ms] [INFO] [Status] محطة زاوية الدهماني للوقود | activeDevices: 0 | final status: طابور خفيف @ http://localhost:5173/app.js:340
[  322300ms] [INFO] [Status] Oilibya | activeDevices: 0 | final status: طابور خفيف @ http://localhost:5173/app.js:340
[  322300ms] [INFO] [Status] محطة وقود باب بن غشير | activeDevices: 0 | final status: طابور خفيف @ http://localhost:5173/app.js:340
[  322300ms] [INFO] [Status] محطة وقود | activeDevices: 0 | final status: طابور خفيف @ http://localhost:5173/app.js:340
[  322300ms] [INFO] [Status] محطة وقود الشرقية | activeDevices: 0 | final status: طابور خفيف @ http://localhost:5173/app.js:340
[  322300ms] [INFO] [Status] محطة وقود عرادة | activeDevices: 0 | final status: طابور خفيف @ http://localhost:5173/app.js:340
[  322300ms] [INFO] [Status] محطة وقود | activeDevices: 0 | final status: طابور خفيف @ http://localhost:5173/app.js:340
[  322300ms] [INFO] [Status] محطة وقود الهضبة | activeDevices: 0 | final status: طابور خفيف @ http://localhost:5173/app.js:340
[  322300ms] [INFO] [Status] محطة وقود غير مسماة - node/10051127673 | activeDevices: 0 | final status: طابور خفيف @ http://localhost:5173/app.js:340
[  322300ms] [INFO] [Status] محطة وقود | activeDevices: 0 | final status: طابور خفيف @ http://localhost:5173/app.js:340
[  322300ms] [INFO] [Status] محطة وقود شارع الصريم | activeDevices: 0 | final status: طابور خفيف @ http://localhost:5173/app.js:340
[  322300ms] [INFO] [Status] محطة وقود بركة | activeDevices: 0 | final status: طابور خفيف @ http://localhost:5173/app.js:340
[  322301ms] [INFO] [Status] محطة وقود | activeDevices: 0 | final status: طابور خفيف @ http://localhost:5173/app.js:340
[  322301ms] [INFO] [Status] محطة وقود الفلاح | activeDevices: 0 | final status: طابور خفيف @ http://localhost:5173/app.js:340
[  322301ms] [INFO] [Status] محطة وقود المنصورة | activeDevices: 0 | final status: طابور خفيف @ http://localhost:5173/app.js:340
[  322301ms] [INFO] [Status] محطة وقود أبوسليم | activeDevices: 0 | final status: طابور خفيف @ http://localhost:5173/app.js:340
[  322301ms] [INFO] [Status] محطة وقود السدرة -الراحلة | activeDevices: 0 | final status: طابور خفيف @ http://localhost:5173/app.js:340
[  322301ms] [INFO] [Status] محطة وقود | activeDevices: 0 | final status: طابور خفيف @ http://localhost:5173/app.js:340
[  322301ms] [INFO] [Status] محطة وقود طريق المشتل | activeDevices: 0 | final status: طابور خفيف @ http://localhost:5173/app.js:340
[  322301ms] [INFO] [Status] محطة وقود الراحلة | activeDevices: 0 | final status: طابور خفيف @ http://localhost:5173/app.js:340
[  322301ms] [INFO] [Status] محطة وقود | activeDevices: 0 | final status: طابور خفيف @ http://localhost:5173/app.js:340
[  322301ms] [INFO] [Status] محطة وقود السويحلي | activeDevices: 0 | final status: طابور خفيف @ http://localhost:5173/app.js:340
[  322301ms] [INFO] [Status] محطة وقود الفلاح | activeDevices: 0 | final status: طابور خفيف @ http://localhost:5173/app.js:340
[  322301ms] [INFO] [Status] محطة وقود البيفي | activeDevices: 0 | final status: طابور خفيف @ http://localhost:5173/app.js:340
[  322301ms] [INFO] [Status] محطة وقود / برقان | activeDevices: 0 | final status: طابور خفيف @ http://localhost:5173/app.js:340
[  322301ms] [INFO] [Status] محطة وقود / الجبو | activeDevices: 0 | final status: طابور خفيف @ http://localhost:5173/app.js:340
[  322301ms] [INFO] [Status] محطة وقود | activeDevices: 0 | final status: طابور خفيف @ http://localhost:5173/app.js:340
[  322301ms] [INFO] [Status] محطة وقود الخبولي | activeDevices: 0 | final status: طابور خفيف @ http://localhost:5173/app.js:340
[  322301ms] [INFO] [Status] محطة وقود | activeDevices: 0 | final status: طابور خفيف @ http://localhost:5173/app.js:340
[  322301ms] [INFO] [Status] محطة وقود | activeDevices: 0 | final status: طابور خفيف @ http://localhost:5173/app.js:340
[  322301ms] [INFO] [Status] محطة وقود | activeDevices: 0 | final status: طابور خفيف @ http://localhost:5173/app.js:340
[  322301ms] [INFO] [Status] محطة وقود | activeDevices: 0 | final status: طابور خفيف @ http://localhost:5173/app.js:340
[  322301ms] [INFO] [Status] أويليبيا | activeDevices: 0 | final status: طابور خفيف @ http://localhost:5173/app.js:340
[  322301ms] [INFO] [Status] محطة وقود | activeDevices: 0 | final status: طابور خفيف @ http://localhost:5173/app.js:340
[  322301ms] [INFO] [Status] أويليبيا | activeDevices: 0 | final status: طابور خفيف @ http://localhost:5173/app.js:340
[  322301ms] [INFO] [Status] محطة توزيع غاز | activeDevices: 0 | final status: طابور خفيف @ http://localhost:5173/app.js:340
[  322301ms] [INFO] [Status] محطة وقود | activeDevices: 0 | final status: طابور خفيف @ http://localhost:5173/app.js:340
[  322301ms] [INFO] [Status] محطة وقود غير مسماة - node/12492729341 | activeDevices: 0 | final status: طابور خفيف @ http://localhost:5173/app.js:340
[  322301ms] [INFO] [Status] محطة وقود | activeDevices: 0 | final status: طابور خفيف @ http://localhost:5173/app.js:340
[  322301ms] [INFO] [Status] محطة وقود | activeDevices: 0 | final status: طابور خفيف @ http://localhost:5173/app.js:340
[  322301ms] [INFO] [Status] غاز بنبلي | activeDevices: 0 | final status: طابور خفيف @ http://localhost:5173/app.js:340
[  322301ms] [INFO] [Status] محطة وقود البوعيشي | activeDevices: 0 | final status: طابور خفيف @ http://localhost:5173/app.js:340
[  322301ms] [INFO] [Status] محطة وقود اسبان | activeDevices: 0 | final status: طابور خفيف @ http://localhost:5173/app.js:340
[  322302ms] [INFO] [Status] محطة وقود اسبان | activeDevices: 0 | final status: طابور خفيف @ http://localhost:5173/app.js:340
[  322302ms] [INFO] [Status] محطة وقود أحمد محمود | activeDevices: 0 | final status: طابور خفيف @ http://localhost:5173/app.js:340
[  322302ms] [INFO] [Status] محطة وقود المشري | activeDevices: 0 | final status: طابور خفيف @ http://localhost:5173/app.js:340
[  322302ms] [INFO] [Status] محطة وقود تاجواء الوسط | activeDevices: 0 | final status: طابور خفيف @ http://localhost:5173/app.js:340
[  322302ms] [INFO] [Status] محطة وقود | activeDevices: 0 | final status: طابور خفيف @ http://localhost:5173/app.js:340
[  322302ms] [INFO] [Status] محطة وقود | activeDevices: 0 | final status: طابور خفيف @ http://localhost:5173/app.js:340
[  322302ms] [INFO] [Status] محطة وقود الشعافي | activeDevices: 0 | final status: طابور خفيف @ http://localhost:5173/app.js:340
[  322302ms] [INFO] [Status] محطة وقود السويحلي | activeDevices: 0 | final status: مسكر @ http://localhost:5173/app.js:340
[  322302ms] [INFO] [Status] محطة وقود | activeDevices: 0 | final status: طابور خفيف @ http://localhost:5173/app.js:340
[  322302ms] [INFO] [Status] محطة وقود | activeDevices: 0 | final status: طابور خفيف @ http://localhost:5173/app.js:340
[  322302ms] [INFO] [Status] محطة وقود | activeDevices: 0 | final status: طابور خفيف @ http://localhost:5173/app.js:340
[  322302ms] [INFO] [Status] محطة وقود غوط الشعال | activeDevices: 0 | final status: طابور خفيف @ http://localhost:5173/app.js:340
[  322302ms] [INFO] [Status] محطة وقود | activeDevices: 0 | final status: طابور خفيف @ http://localhost:5173/app.js:340
[  322302ms] [INFO] [Status] محطة ابو نواس | activeDevices: 0 | final status: طابور خفيف @ http://localhost:5173/app.js:340
[  322302ms] [INFO] [Status] محطة وقود بير | activeDevices: 0 | final status: طابور خفيف @ http://localhost:5173/app.js:340
[  322302ms] [INFO] [Status] محطة وقود ابونواس | activeDevices: 0 | final status: طابور خفيف @ http://localhost:5173/app.js:340
[  322302ms] [INFO] [Status] محطة وقود القاضي | activeDevices: 0 | final status: طابور خفيف @ http://localhost:5173/app.js:340
[  322302ms] [INFO] [Status] محطة وقود | activeDevices: 0 | final status: طابور خفيف @ http://localhost:5173/app.js:340
[  322302ms] [INFO] [Status] محطة وقود | activeDevices: 0 | final status: طابور خفيف @ http://localhost:5173/app.js:340
[  322302ms] [INFO] [Status] محطة وقود غير مسماة - way/569303812 | activeDevices: 0 | final status: طابور خفيف @ http://localhost:5173/app.js:340
[  322302ms] [INFO] [Status] Oilibya | activeDevices: 0 | final status: طابور خفيف @ http://localhost:5173/app.js:340
[  322302ms] [INFO] [Status] محطة وقود الضواحي ⛽ | activeDevices: 0 | final status: طابور خفيف @ http://localhost:5173/app.js:340
[  322302ms] [INFO] [Status] محطة وقود | activeDevices: 0 | final status: طابور خفيف @ http://localhost:5173/app.js:340
[  322302ms] [INFO] [Status] محطة وقود / شيل الرقبة | activeDevices: 0 | final status: طابور خفيف @ http://localhost:5173/app.js:340
[  322302ms] [INFO] [Status] محطة وقود | activeDevices: 0 | final status: طابور خفيف @ http://localhost:5173/app.js:340
[  322302ms] [INFO] [Status] موزع غاز حكومي | activeDevices: 0 | final status: طابور خفيف @ http://localhost:5173/app.js:340
[  322302ms] [INFO] [Status] محطة وقود | activeDevices: 0 | final status: طابور خفيف @ http://localhost:5173/app.js:340
[  322302ms] [INFO] [Status] محطة وقود بن غرسة | activeDevices: 0 | final status: طابور خفيف @ http://localhost:5173/app.js:340
[  322302ms] [INFO] [Status] محطة وقود | activeDevices: 0 | final status: طابور خفيف @ http://localhost:5173/app.js:340
[  322302ms] [INFO] [Status] تحت الانشاء | activeDevices: 0 | final status: طابور خفيف @ http://localhost:5173/app.js:340
[  322302ms] [INFO] [Status] محطة وقود | activeDevices: 0 | final status: طابور خفيف @ http://localhost:5173/app.js:340
[  322302ms] [INFO] [Status] محطة وقود السلامة | activeDevices: 0 | final status: طابور خفيف @ http://localhost:5173/app.js:340
[  322302ms] [INFO] [Status] محطة وقود | activeDevices: 0 | final status: طابور خفيف @ http://localhost:5173/app.js:340
[  322303ms] [INFO] [Status] محطة وقود | activeDevices: 0 | final status: طابور خفيف @ http://localhost:5173/app.js:340
[  322303ms] [INFO] [Status] محطة وقود غير مسماة - way/569420777 | activeDevices: 0 | final status: زحمة @ http://localhost:5173/app.js:340
[  322303ms] [INFO] [Status] محطة وقود الحبايبية | activeDevices: 0 | final status: عالبومبة طول @ http://localhost:5173/app.js:340
[  322303ms] [INFO] [Status] محطة وقود الرحمة | activeDevices: 0 | final status: طابور خفيف @ http://localhost:5173/app.js:340
[  322303ms] [INFO] [Status] محطة وقود | activeDevices: 0 | final status: طابور خفيف @ http://localhost:5173/app.js:340
[  322303ms] [INFO] [Status] محطة وقود السراج | activeDevices: 0 | final status: طابور خفيف @ http://localhost:5173/app.js:340
[  322303ms] [INFO] [Status] محطة وقود | activeDevices: 0 | final status: طابور خفيف @ http://localhost:5173/app.js:340
[  322303ms] [INFO] [Status] محطه شركة السلام - ليبيا نفط | activeDevices: 0 | final status: طابور خفيف @ http://localhost:5173/app.js:340
[  322303ms] [INFO] [Status] محطة وقود | activeDevices: 0 | final status: طابور خفيف @ http://localhost:5173/app.js:340
[  322303ms] [INFO] [Status] محطة وقود فتروش | activeDevices: 0 | final status: طابور خفيف @ http://localhost:5173/app.js:340
[  322303ms] [INFO] [Status] محطة وقود غير مسماة - way/875267927 | activeDevices: 0 | final status: طابور خفيف @ http://localhost:5173/app.js:340
[  322303ms] [INFO] [Status] محطة وقود بير العالم | activeDevices: 0 | final status: طابور خفيف @ http://localhost:5173/app.js:340
[  322303ms] [INFO] [Status] محطة وقود كرواط | activeDevices: 0 | final status: طابور خفيف @ http://localhost:5173/app.js:340
[  322303ms] [INFO] [Status] محطة وقود | activeDevices: 0 | final status: طابور خفيف @ http://localhost:5173/app.js:340
[  322303ms] [INFO] [Status] محطة وقود | activeDevices: 0 | final status: طابور خفيف @ http://localhost:5173/app.js:340
[  322303ms] [INFO] [Status] محطة وقود بير العالم | activeDevices: 0 | final status: طابور خفيف @ http://localhost:5173/app.js:340
[  322303ms] [INFO] [Status] محطة وقود المقرحي | activeDevices: 0 | final status: طابور خفيف @ http://localhost:5173/app.js:340
[  322303ms] [INFO] [Status] محطة وقود المقرحي | activeDevices: 0 | final status: طابور خفيف @ http://localhost:5173/app.js:340
[  322303ms] [INFO] [Status] محطة وقود الضبيع | activeDevices: 0 | final status: طابور خفيف @ http://localhost:5173/app.js:340
[  322303ms] [INFO] [Status] محطة وقود | activeDevices: 0 | final status: طابور خفيف @ http://localhost:5173/app.js:340
[  322303ms] [INFO] [Status] محطة وقود الشرارة | activeDevices: 0 | final status: طابور خفيف @ http://localhost:5173/app.js:340
[  322303ms] [INFO] [Status] محطة المشاط | activeDevices: 0 | final status: طابور خفيف @ http://localhost:5173/app.js:340
[  322303ms] [INFO] [Status] محطة وقود غير مسماة - node/8014161288 | activeDevices: 0 | final status: طابور خفيف @ http://localhost:5173/app.js:340
[  322303ms] [INFO] [Status] محطة وقود المبدع | activeDevices: 0 | final status: طابور خفيف @ http://localhost:5173/app.js:340
[  322303ms] [INFO] [Status] محطة وقود | activeDevices: 0 | final status: طابور خفيف @ http://localhost:5173/app.js:340
[  322304ms] [INFO] [Home] total stations loaded: 114, rendered station count: 22, best station found: yes @ http://localhost:5173/app.js:382
[  354065ms] [INFO] [Status] محطة وقود الهاني | activeDevices: 0 | final status: طابور خفيف @ http://localhost:5173/app.js:340
[  354066ms] [INFO] [Status] مستودع الغاز الهاني | activeDevices: 0 | final status: طابور خفيف @ http://localhost:5173/app.js:340
[  354066ms] [INFO] [Status] محطة وقود | activeDevices: 0 | final status: طابور خفيف @ http://localhost:5173/app.js:340
[  354066ms] [INFO] [Status] محطة وقود | activeDevices: 0 | final status: طابور خفيف @ http://localhost:5173/app.js:340
[  354066ms] [INFO] [Status] محطة وقود | activeDevices: 0 | final status: طابور خفيف @ http://localhost:5173/app.js:340
[  354066ms] [INFO] [Status] Oilibya | activeDevices: 0 | final status: طابور خفيف @ http://localhost:5173/app.js:340
[  354066ms] [INFO] [Status] موزع غاز الطهي | activeDevices: 0 | final status: طابور خفيف @ http://localhost:5173/app.js:340
[  354066ms] [INFO] [Status] موزع غاز | activeDevices: 0 | final status: طابور خفيف @ http://localhost:5173/app.js:340
[  354066ms] [INFO] [Status] شركة البريقة لتسويق النفط مستودع الهاني | activeDevices: 0 | final status: طابور خفيف @ http://localhost:5173/app.js:340
[  354067ms] [INFO] [Status] محطة وقود ابوستة | activeDevices: 0 | final status: طابور خفيف @ http://localhost:5173/app.js:340
[  354067ms] [INFO] [Status] محطة وقود الشرارة | activeDevices: 0 | final status: طابور خفيف @ http://localhost:5173/app.js:340
[  354067ms] [INFO] [Status] محطة وقود بن عاشور | activeDevices: 0 | final status: طابور خفيف @ http://localhost:5173/app.js:340
[  354067ms] [INFO] [Status] محطة وقود زاوية الدهماني | activeDevices: 0 | final status: طابور خفيف @ http://localhost:5173/app.js:340
[  354067ms] [INFO] [Status] محطة زاوية الدهماني للوقود | activeDevices: 0 | final status: طابور خفيف @ http://localhost:5173/app.js:340
[  354067ms] [INFO] [Status] Oilibya | activeDevices: 0 | final status: طابور خفيف @ http://localhost:5173/app.js:340
[  354067ms] [INFO] [Status] محطة وقود باب بن غشير | activeDevices: 0 | final status: طابور خفيف @ http://localhost:5173/app.js:340
[  354067ms] [INFO] [Status] محطة وقود | activeDevices: 0 | final status: طابور خفيف @ http://localhost:5173/app.js:340
[  354067ms] [INFO] [Status] محطة وقود الشرقية | activeDevices: 0 | final status: طابور خفيف @ http://localhost:5173/app.js:340
[  354067ms] [INFO] [Status] محطة وقود عرادة | activeDevices: 0 | final status: طابور خفيف @ http://localhost:5173/app.js:340
[  354067ms] [INFO] [Status] محطة وقود | activeDevices: 0 | final status: طابور خفيف @ http://localhost:5173/app.js:340
[  354067ms] [INFO] [Status] محطة وقود الهضبة | activeDevices: 0 | final status: طابور خفيف @ http://localhost:5173/app.js:340
[  354067ms] [INFO] [Status] محطة وقود غير مسماة - node/10051127673 | activeDevices: 0 | final status: طابور خفيف @ http://localhost:5173/app.js:340
[  354067ms] [INFO] [Status] محطة وقود | activeDevices: 0 | final status: طابور خفيف @ http://localhost:5173/app.js:340
[  354067ms] [INFO] [Status] محطة وقود شارع الصريم | activeDevices: 0 | final status: طابور خفيف @ http://localhost:5173/app.js:340
[  354067ms] [INFO] [Status] محطة وقود بركة | activeDevices: 0 | final status: طابور خفيف @ http://localhost:5173/app.js:340
[  354067ms] [INFO] [Status] محطة وقود | activeDevices: 0 | final status: طابور خفيف @ http://localhost:5173/app.js:340
[  354067ms] [INFO] [Status] محطة وقود الفلاح | activeDevices: 0 | final status: طابور خفيف @ http://localhost:5173/app.js:340
[  354067ms] [INFO] [Status] محطة وقود المنصورة | activeDevices: 0 | final status: طابور خفيف @ http://localhost:5173/app.js:340
[  354067ms] [INFO] [Status] محطة وقود أبوسليم | activeDevices: 0 | final status: طابور خفيف @ http://localhost:5173/app.js:340
[  354067ms] [INFO] [Status] محطة وقود السدرة -الراحلة | activeDevices: 0 | final status: طابور خفيف @ http://localhost:5173/app.js:340
[  354067ms] [INFO] [Status] محطة وقود | activeDevices: 0 | final status: طابور خفيف @ http://localhost:5173/app.js:340
[  354067ms] [INFO] [Status] محطة وقود طريق المشتل | activeDevices: 0 | final status: طابور خفيف @ http://localhost:5173/app.js:340
[  354068ms] [INFO] [Status] محطة وقود الراحلة | activeDevices: 0 | final status: طابور خفيف @ http://localhost:5173/app.js:340
[  354068ms] [INFO] [Status] محطة وقود | activeDevices: 0 | final status: طابور خفيف @ http://localhost:5173/app.js:340
[  354068ms] [INFO] [Status] محطة وقود السويحلي | activeDevices: 0 | final status: طابور خفيف @ http://localhost:5173/app.js:340
[  354068ms] [INFO] [Status] محطة وقود الفلاح | activeDevices: 0 | final status: طابور خفيف @ http://localhost:5173/app.js:340
[  354068ms] [INFO] [Status] محطة وقود البيفي | activeDevices: 0 | final status: طابور خفيف @ http://localhost:5173/app.js:340
[  354068ms] [INFO] [Status] محطة وقود / برقان | activeDevices: 0 | final status: طابور خفيف @ http://localhost:5173/app.js:340
[  354068ms] [INFO] [Status] محطة وقود / الجبو | activeDevices: 0 | final status: طابور خفيف @ http://localhost:5173/app.js:340
[  354068ms] [INFO] [Status] محطة وقود | activeDevices: 0 | final status: طابور خفيف @ http://localhost:5173/app.js:340
[  354068ms] [INFO] [Status] محطة وقود الخبولي | activeDevices: 0 | final status: طابور خفيف @ http://localhost:5173/app.js:340
[  354068ms] [INFO] [Status] محطة وقود | activeDevices: 0 | final status: طابور خفيف @ http://localhost:5173/app.js:340
[  354068ms] [INFO] [Status] محطة وقود | activeDevices: 0 | final status: طابور خفيف @ http://localhost:5173/app.js:340
[  354068ms] [INFO] [Status] محطة وقود | activeDevices: 0 | final status: طابور خفيف @ http://localhost:5173/app.js:340
[  354068ms] [INFO] [Status] محطة وقود | activeDevices: 0 | final status: طابور خفيف @ http://localhost:5173/app.js:340
[  354068ms] [INFO] [Status] أويليبيا | activeDevices: 0 | final status: طابور خفيف @ http://localhost:5173/app.js:340
[  354068ms] [INFO] [Status] محطة وقود | activeDevices: 0 | final status: طابور خفيف @ http://localhost:5173/app.js:340
[  354068ms] [INFO] [Status] أويليبيا | activeDevices: 0 | final status: طابور خفيف @ http://localhost:5173/app.js:340
[  354068ms] [INFO] [Status] محطة توزيع غاز | activeDevices: 0 | final status: طابور خفيف @ http://localhost:5173/app.js:340
[  354068ms] [INFO] [Status] محطة وقود | activeDevices: 0 | final status: طابور خفيف @ http://localhost:5173/app.js:340
[  354068ms] [INFO] [Status] محطة وقود غير مسماة - node/12492729341 | activeDevices: 0 | final status: طابور خفيف @ http://localhost:5173/app.js:340
[  354068ms] [INFO] [Status] محطة وقود | activeDevices: 0 | final status: طابور خفيف @ http://localhost:5173/app.js:340
[  354068ms] [INFO] [Status] محطة وقود | activeDevices: 0 | final status: طابور خفيف @ http://localhost:5173/app.js:340
[  354068ms] [INFO] [Status] غاز بنبلي | activeDevices: 0 | final status: طابور خفيف @ http://localhost:5173/app.js:340
[  354068ms] [INFO] [Status] محطة وقود البوعيشي | activeDevices: 0 | final status: طابور خفيف @ http://localhost:5173/app.js:340
[  354068ms] [INFO] [Status] محطة وقود اسبان | activeDevices: 0 | final status: طابور خفيف @ http://localhost:5173/app.js:340
[  354069ms] [INFO] [Status] محطة وقود اسبان | activeDevices: 0 | final status: طابور خفيف @ http://localhost:5173/app.js:340
[  354069ms] [INFO] [Status] محطة وقود أحمد محمود | activeDevices: 0 | final status: طابور خفيف @ http://localhost:5173/app.js:340
[  354069ms] [INFO] [Status] محطة وقود المشري | activeDevices: 0 | final status: طابور خفيف @ http://localhost:5173/app.js:340
[  354069ms] [INFO] [Status] محطة وقود تاجواء الوسط | activeDevices: 0 | final status: طابور خفيف @ http://localhost:5173/app.js:340
[  354069ms] [INFO] [Status] محطة وقود | activeDevices: 0 | final status: طابور خفيف @ http://localhost:5173/app.js:340
[  354069ms] [INFO] [Status] محطة وقود | activeDevices: 0 | final status: طابور خفيف @ http://localhost:5173/app.js:340
[  354069ms] [INFO] [Status] محطة وقود الشعافي | activeDevices: 0 | final status: طابور خفيف @ http://localhost:5173/app.js:340
[  354069ms] [INFO] [Status] محطة وقود السويحلي | activeDevices: 0 | final status: مسكر @ http://localhost:5173/app.js:340
[  354069ms] [INFO] [Status] محطة وقود | activeDevices: 0 | final status: طابور خفيف @ http://localhost:5173/app.js:340
[  354069ms] [INFO] [Status] محطة وقود | activeDevices: 0 | final status: طابور خفيف @ http://localhost:5173/app.js:340
[  354069ms] [INFO] [Status] محطة وقود | activeDevices: 0 | final status: طابور خفيف @ http://localhost:5173/app.js:340
[  354069ms] [INFO] [Status] محطة وقود غوط الشعال | activeDevices: 0 | final status: طابور خفيف @ http://localhost:5173/app.js:340
[  354069ms] [INFO] [Status] محطة وقود | activeDevices: 0 | final status: طابور خفيف @ http://localhost:5173/app.js:340
[  354069ms] [INFO] [Status] محطة ابو نواس | activeDevices: 0 | final status: طابور خفيف @ http://localhost:5173/app.js:340
[  354069ms] [INFO] [Status] محطة وقود بير | activeDevices: 0 | final status: طابور خفيف @ http://localhost:5173/app.js:340
[  354069ms] [INFO] [Status] محطة وقود ابونواس | activeDevices: 0 | final status: طابور خفيف @ http://localhost:5173/app.js:340
[  354069ms] [INFO] [Status] محطة وقود القاضي | activeDevices: 0 | final status: طابور خفيف @ http://localhost:5173/app.js:340
[  354069ms] [INFO] [Status] محطة وقود | activeDevices: 0 | final status: طابور خفيف @ http://localhost:5173/app.js:340
[  354069ms] [INFO] [Status] محطة وقود | activeDevices: 0 | final status: طابور خفيف @ http://localhost:5173/app.js:340
[  354069ms] [INFO] [Status] محطة وقود غير مسماة - way/569303812 | activeDevices: 0 | final status: طابور خفيف @ http://localhost:5173/app.js:340
[  354069ms] [INFO] [Status] Oilibya | activeDevices: 0 | final status: طابور خفيف @ http://localhost:5173/app.js:340
[  354069ms] [INFO] [Status] محطة وقود الضواحي ⛽ | activeDevices: 0 | final status: طابور خفيف @ http://localhost:5173/app.js:340
[  354069ms] [INFO] [Status] محطة وقود | activeDevices: 0 | final status: طابور خفيف @ http://localhost:5173/app.js:340
[  354069ms] [INFO] [Status] محطة وقود / شيل الرقبة | activeDevices: 0 | final status: طابور خفيف @ http://localhost:5173/app.js:340
[  354069ms] [INFO] [Status] محطة وقود | activeDevices: 0 | final status: طابور خفيف @ http://localhost:5173/app.js:340
[  354069ms] [INFO] [Status] موزع غاز حكومي | activeDevices: 0 | final status: طابور خفيف @ http://localhost:5173/app.js:340
[  354069ms] [INFO] [Status] محطة وقود | activeDevices: 0 | final status: طابور خفيف @ http://localhost:5173/app.js:340
[  354069ms] [INFO] [Status] محطة وقود بن غرسة | activeDevices: 0 | final status: طابور خفيف @ http://localhost:5173/app.js:340
[  354069ms] [INFO] [Status] محطة وقود | activeDevices: 0 | final status: طابور خفيف @ http://localhost:5173/app.js:340
[  354069ms] [INFO] [Status] تحت الانشاء | activeDevices: 0 | final status: طابور خفيف @ http://localhost:5173/app.js:340
[  354069ms] [INFO] [Status] محطة وقود | activeDevices: 0 | final status: طابور خفيف @ http://localhost:5173/app.js:340
[  354070ms] [INFO] [Status] محطة وقود السلامة | activeDevices: 0 | final status: طابور خفيف @ http://localhost:5173/app.js:340
[  354070ms] [INFO] [Status] محطة وقود | activeDevices: 0 | final status: طابور خفيف @ http://localhost:5173/app.js:340
[  354070ms] [INFO] [Status] محطة وقود | activeDevices: 0 | final status: طابور خفيف @ http://localhost:5173/app.js:340
[  354070ms] [INFO] [Status] محطة وقود غير مسماة - way/569420777 | activeDevices: 0 | final status: زحمة @ http://localhost:5173/app.js:340
[  354070ms] [INFO] [Status] محطة وقود الحبايبية | activeDevices: 0 | final status: عالبومبة طول @ http://localhost:5173/app.js:340
[  354070ms] [INFO] [Status] محطة وقود الرحمة | activeDevices: 0 | final status: طابور خفيف @ http://localhost:5173/app.js:340
[  354070ms] [INFO] [Status] محطة وقود | activeDevices: 0 | final status: طابور خفيف @ http://localhost:5173/app.js:340
[  354070ms] [INFO] [Status] محطة وقود السراج | activeDevices: 0 | final status: طابور خفيف @ http://localhost:5173/app.js:340
[  354070ms] [INFO] [Status] محطة وقود | activeDevices: 0 | final status: طابور خفيف @ http://localhost:5173/app.js:340
[  354070ms] [INFO] [Status] محطه شركة السلام - ليبيا نفط | activeDevices: 0 | final status: طابور خفيف @ http://localhost:5173/app.js:340
[  354070ms] [INFO] [Status] محطة وقود | activeDevices: 0 | final status: طابور خفيف @ http://localhost:5173/app.js:340
[  354070ms] [INFO] [Status] محطة وقود فتروش | activeDevices: 0 | final status: طابور خفيف @ http://localhost:5173/app.js:340
[  354070ms] [INFO] [Status] محطة وقود غير مسماة - way/875267927 | activeDevices: 0 | final status: طابور خفيف @ http://localhost:5173/app.js:340
[  354070ms] [INFO] [Status] محطة وقود بير العالم | activeDevices: 0 | final status: طابور خفيف @ http://localhost:5173/app.js:340
[  354070ms] [INFO] [Status] محطة وقود كرواط | activeDevices: 0 | final status: طابور خفيف @ http://localhost:5173/app.js:340
[  354070ms] [INFO] [Status] محطة وقود | activeDevices: 0 | final status: طابور خفيف @ http://localhost:5173/app.js:340
[  354070ms] [INFO] [Status] محطة وقود | activeDevices: 0 | final status: طابور خفيف @ http://localhost:5173/app.js:340
[  354070ms] [INFO] [Status] محطة وقود بير العالم | activeDevices: 0 | final status: طابور خفيف @ http://localhost:5173/app.js:340
[  354070ms] [INFO] [Status] محطة وقود المقرحي | activeDevices: 0 | final status: طابور خفيف @ http://localhost:5173/app.js:340
[  354070ms] [INFO] [Status] محطة وقود المقرحي | activeDevices: 0 | final status: طابور خفيف @ http://localhost:5173/app.js:340
[  354070ms] [INFO] [Status] محطة وقود الضبيع | activeDevices: 0 | final status: طابور خفيف @ http://localhost:5173/app.js:340
[  354070ms] [INFO] [Status] محطة وقود | activeDevices: 0 | final status: طابور خفيف @ http://localhost:5173/app.js:340
[  354070ms] [INFO] [Status] محطة وقود الشرارة | activeDevices: 0 | final status: طابور خفيف @ http://localhost:5173/app.js:340
[  354070ms] [INFO] [Status] محطة المشاط | activeDevices: 0 | final status: طابور خفيف @ http://localhost:5173/app.js:340
[  354070ms] [INFO] [Status] محطة وقود غير مسماة - node/8014161288 | activeDevices: 0 | final status: طابور خفيف @ http://localhost:5173/app.js:340
[  354070ms] [INFO] [Status] محطة وقود المبدع | activeDevices: 0 | final status: طابور خفيف @ http://localhost:5173/app.js:340
[  354070ms] [INFO] [Status] محطة وقود | activeDevices: 0 | final status: طابور خفيف @ http://localhost:5173/app.js:340
[  354071ms] [INFO] [Home] total stations loaded: 114, rendered station count: 22, best station found: yes @ http://localhost:5173/app.js:382
[  365700ms] [INFO] [Repository] Presence fetch succeeded. Active rows: 0. @ http://localhost:5173/repository.mjs:186
[  365701ms] [INFO] [Status] محطة وقود الهاني | activeDevices: 0 | final status: طابور خفيف @ http://localhost:5173/app.js:340
[  365701ms] [INFO] [Status] مستودع الغاز الهاني | activeDevices: 0 | final status: طابور خفيف @ http://localhost:5173/app.js:340
[  365701ms] [INFO] [Status] محطة وقود | activeDevices: 0 | final status: طابور خفيف @ http://localhost:5173/app.js:340
[  365701ms] [INFO] [Status] محطة وقود | activeDevices: 0 | final status: طابور خفيف @ http://localhost:5173/app.js:340
[  365701ms] [INFO] [Status] محطة وقود | activeDevices: 0 | final status: طابور خفيف @ http://localhost:5173/app.js:340
[  365701ms] [INFO] [Status] Oilibya | activeDevices: 0 | final status: طابور خفيف @ http://localhost:5173/app.js:340
[  365701ms] [INFO] [Status] موزع غاز الطهي | activeDevices: 0 | final status: طابور خفيف @ http://localhost:5173/app.js:340
[  365701ms] [INFO] [Status] موزع غاز | activeDevices: 0 | final status: طابور خفيف @ http://localhost:5173/app.js:340
[  365701ms] [INFO] [Status] شركة البريقة لتسويق النفط مستودع الهاني | activeDevices: 0 | final status: طابور خفيف @ http://localhost:5173/app.js:340
[  365701ms] [INFO] [Status] محطة وقود ابوستة | activeDevices: 0 | final status: طابور خفيف @ http://localhost:5173/app.js:340
[  365702ms] [INFO] [Status] محطة وقود الشرارة | activeDevices: 0 | final status: طابور خفيف @ http://localhost:5173/app.js:340
[  365702ms] [INFO] [Status] محطة وقود بن عاشور | activeDevices: 0 | final status: طابور خفيف @ http://localhost:5173/app.js:340
[  365702ms] [INFO] [Status] محطة وقود زاوية الدهماني | activeDevices: 0 | final status: طابور خفيف @ http://localhost:5173/app.js:340
[  365702ms] [INFO] [Status] محطة زاوية الدهماني للوقود | activeDevices: 0 | final status: طابور خفيف @ http://localhost:5173/app.js:340
[  365702ms] [INFO] [Status] Oilibya | activeDevices: 0 | final status: طابور خفيف @ http://localhost:5173/app.js:340
[  365702ms] [INFO] [Status] محطة وقود باب بن غشير | activeDevices: 0 | final status: طابور خفيف @ http://localhost:5173/app.js:340
[  365702ms] [INFO] [Status] محطة وقود | activeDevices: 0 | final status: طابور خفيف @ http://localhost:5173/app.js:340
[  365702ms] [INFO] [Status] محطة وقود الشرقية | activeDevices: 0 | final status: طابور خفيف @ http://localhost:5173/app.js:340
[  365702ms] [INFO] [Status] محطة وقود عرادة | activeDevices: 0 | final status: طابور خفيف @ http://localhost:5173/app.js:340
[  365702ms] [INFO] [Status] محطة وقود | activeDevices: 0 | final status: طابور خفيف @ http://localhost:5173/app.js:340
[  365702ms] [INFO] [Status] محطة وقود الهضبة | activeDevices: 0 | final status: طابور خفيف @ http://localhost:5173/app.js:340
[  365702ms] [INFO] [Status] محطة وقود غير مسماة - node/10051127673 | activeDevices: 0 | final status: طابور خفيف @ http://localhost:5173/app.js:340
[  365702ms] [INFO] [Status] محطة وقود | activeDevices: 0 | final status: طابور خفيف @ http://localhost:5173/app.js:340
[  365702ms] [INFO] [Status] محطة وقود شارع الصريم | activeDevices: 0 | final status: طابور خفيف @ http://localhost:5173/app.js:340
[  365702ms] [INFO] [Status] محطة وقود بركة | activeDevices: 0 | final status: طابور خفيف @ http://localhost:5173/app.js:340
[  365702ms] [INFO] [Status] محطة وقود | activeDevices: 0 | final status: طابور خفيف @ http://localhost:5173/app.js:340
[  365702ms] [INFO] [Status] محطة وقود الفلاح | activeDevices: 0 | final status: طابور خفيف @ http://localhost:5173/app.js:340
[  365702ms] [INFO] [Status] محطة وقود المنصورة | activeDevices: 0 | final status: طابور خفيف @ http://localhost:5173/app.js:340
[  365702ms] [INFO] [Status] محطة وقود أبوسليم | activeDevices: 0 | final status: طابور خفيف @ http://localhost:5173/app.js:340
[  365702ms] [INFO] [Status] محطة وقود السدرة -الراحلة | activeDevices: 0 | final status: طابور خفيف @ http://localhost:5173/app.js:340
[  365702ms] [INFO] [Status] محطة وقود | activeDevices: 0 | final status: طابور خفيف @ http://localhost:5173/app.js:340
[  365702ms] [INFO] [Status] محطة وقود طريق المشتل | activeDevices: 0 | final status: طابور خفيف @ http://localhost:5173/app.js:340
[  365702ms] [INFO] [Status] محطة وقود الراحلة | activeDevices: 0 | final status: طابور خفيف @ http://localhost:5173/app.js:340
[  365702ms] [INFO] [Status] محطة وقود | activeDevices: 0 | final status: طابور خفيف @ http://localhost:5173/app.js:340
[  365703ms] [INFO] [Status] محطة وقود السويحلي | activeDevices: 0 | final status: طابور خفيف @ http://localhost:5173/app.js:340
[  365703ms] [INFO] [Status] محطة وقود الفلاح | activeDevices: 0 | final status: طابور خفيف @ http://localhost:5173/app.js:340
[  365703ms] [INFO] [Status] محطة وقود البيفي | activeDevices: 0 | final status: طابور خفيف @ http://localhost:5173/app.js:340
[  365703ms] [INFO] [Status] محطة وقود / برقان | activeDevices: 0 | final status: طابور خفيف @ http://localhost:5173/app.js:340
[  365703ms] [INFO] [Status] محطة وقود / الجبو | activeDevices: 0 | final status: طابور خفيف @ http://localhost:5173/app.js:340
[  365703ms] [INFO] [Status] محطة وقود | activeDevices: 0 | final status: طابور خفيف @ http://localhost:5173/app.js:340
[  365703ms] [INFO] [Status] محطة وقود الخبولي | activeDevices: 0 | final status: طابور خفيف @ http://localhost:5173/app.js:340
[  365703ms] [INFO] [Status] محطة وقود | activeDevices: 0 | final status: طابور خفيف @ http://localhost:5173/app.js:340
[  365703ms] [INFO] [Status] محطة وقود | activeDevices: 0 | final status: طابور خفيف @ http://localhost:5173/app.js:340
[  365703ms] [INFO] [Status] محطة وقود | activeDevices: 0 | final status: طابور خفيف @ http://localhost:5173/app.js:340
[  365703ms] [INFO] [Status] محطة وقود | activeDevices: 0 | final status: طابور خفيف @ http://localhost:5173/app.js:340
[  365703ms] [INFO] [Status] أويليبيا | activeDevices: 0 | final status: طابور خفيف @ http://localhost:5173/app.js:340
[  365703ms] [INFO] [Status] محطة وقود | activeDevices: 0 | final status: طابور خفيف @ http://localhost:5173/app.js:340
[  365703ms] [INFO] [Status] أويليبيا | activeDevices: 0 | final status: طابور خفيف @ http://localhost:5173/app.js:340
[  365703ms] [INFO] [Status] محطة توزيع غاز | activeDevices: 0 | final status: طابور خفيف @ http://localhost:5173/app.js:340
[  365703ms] [INFO] [Status] محطة وقود | activeDevices: 0 | final status: طابور خفيف @ http://localhost:5173/app.js:340
[  365703ms] [INFO] [Status] محطة وقود غير مسماة - node/12492729341 | activeDevices: 0 | final status: طابور خفيف @ http://localhost:5173/app.js:340
[  365703ms] [INFO] [Status] محطة وقود | activeDevices: 0 | final status: طابور خفيف @ http://localhost:5173/app.js:340
[  365703ms] [INFO] [Status] محطة وقود | activeDevices: 0 | final status: طابور خفيف @ http://localhost:5173/app.js:340
[  365703ms] [INFO] [Status] غاز بنبلي | activeDevices: 0 | final status: طابور خفيف @ http://localhost:5173/app.js:340
[  365703ms] [INFO] [Status] محطة وقود البوعيشي | activeDevices: 0 | final status: طابور خفيف @ http://localhost:5173/app.js:340
[  365703ms] [INFO] [Status] محطة وقود اسبان | activeDevices: 0 | final status: طابور خفيف @ http://localhost:5173/app.js:340
[  365703ms] [INFO] [Status] محطة وقود اسبان | activeDevices: 0 | final status: طابور خفيف @ http://localhost:5173/app.js:340
[  365703ms] [INFO] [Status] محطة وقود أحمد محمود | activeDevices: 0 | final status: طابور خفيف @ http://localhost:5173/app.js:340
[  365703ms] [INFO] [Status] محطة وقود المشري | activeDevices: 0 | final status: طابور خفيف @ http://localhost:5173/app.js:340
[  365703ms] [INFO] [Status] محطة وقود تاجواء الوسط | activeDevices: 0 | final status: طابور خفيف @ http://localhost:5173/app.js:340
[  365703ms] [INFO] [Status] محطة وقود | activeDevices: 0 | final status: طابور خفيف @ http://localhost:5173/app.js:340
[  365703ms] [INFO] [Status] محطة وقود | activeDevices: 0 | final status: طابور خفيف @ http://localhost:5173/app.js:340
[  365703ms] [INFO] [Status] محطة وقود الشعافي | activeDevices: 0 | final status: طابور خفيف @ http://localhost:5173/app.js:340
[  365703ms] [INFO] [Status] محطة وقود السويحلي | activeDevices: 0 | final status: مسكر @ http://localhost:5173/app.js:340
[  365703ms] [INFO] [Status] محطة وقود | activeDevices: 0 | final status: طابور خفيف @ http://localhost:5173/app.js:340
[  365703ms] [INFO] [Status] محطة وقود | activeDevices: 0 | final status: طابور خفيف @ http://localhost:5173/app.js:340
[  365703ms] [INFO] [Status] محطة وقود | activeDevices: 0 | final status: طابور خفيف @ http://localhost:5173/app.js:340
[  365704ms] [INFO] [Status] محطة وقود غوط الشعال | activeDevices: 0 | final status: طابور خفيف @ http://localhost:5173/app.js:340
[  365704ms] [INFO] [Status] محطة وقود | activeDevices: 0 | final status: طابور خفيف @ http://localhost:5173/app.js:340
[  365704ms] [INFO] [Status] محطة ابو نواس | activeDevices: 0 | final status: طابور خفيف @ http://localhost:5173/app.js:340
[  365704ms] [INFO] [Status] محطة وقود بير | activeDevices: 0 | final status: طابور خفيف @ http://localhost:5173/app.js:340
[  365704ms] [INFO] [Status] محطة وقود ابونواس | activeDevices: 0 | final status: طابور خفيف @ http://localhost:5173/app.js:340
[  365704ms] [INFO] [Status] محطة وقود القاضي | activeDevices: 0 | final status: طابور خفيف @ http://localhost:5173/app.js:340
[  365704ms] [INFO] [Status] محطة وقود | activeDevices: 0 | final status: طابور خفيف @ http://localhost:5173/app.js:340
[  365704ms] [INFO] [Status] محطة وقود | activeDevices: 0 | final status: طابور خفيف @ http://localhost:5173/app.js:340
[  365704ms] [INFO] [Status] محطة وقود غير مسماة - way/569303812 | activeDevices: 0 | final status: طابور خفيف @ http://localhost:5173/app.js:340
[  365704ms] [INFO] [Status] Oilibya | activeDevices: 0 | final status: طابور خفيف @ http://localhost:5173/app.js:340
[  365704ms] [INFO] [Status] محطة وقود الضواحي ⛽ | activeDevices: 0 | final status: طابور خفيف @ http://localhost:5173/app.js:340
[  365704ms] [INFO] [Status] محطة وقود | activeDevices: 0 | final status: طابور خفيف @ http://localhost:5173/app.js:340
[  365704ms] [INFO] [Status] محطة وقود / شيل الرقبة | activeDevices: 0 | final status: طابور خفيف @ http://localhost:5173/app.js:340
[  365704ms] [INFO] [Status] محطة وقود | activeDevices: 0 | final status: طابور خفيف @ http://localhost:5173/app.js:340
[  365704ms] [INFO] [Status] موزع غاز حكومي | activeDevices: 0 | final status: طابور خفيف @ http://localhost:5173/app.js:340
[  365704ms] [INFO] [Status] محطة وقود | activeDevices: 0 | final status: طابور خفيف @ http://localhost:5173/app.js:340
[  365704ms] [INFO] [Status] محطة وقود بن غرسة | activeDevices: 0 | final status: طابور خفيف @ http://localhost:5173/app.js:340
[  365704ms] [INFO] [Status] محطة وقود | activeDevices: 0 | final status: طابور خفيف @ http://localhost:5173/app.js:340
[  365704ms] [INFO] [Status] تحت الانشاء | activeDevices: 0 | final status: طابور خفيف @ http://localhost:5173/app.js:340
[  365704ms] [INFO] [Status] محطة وقود | activeDevices: 0 | final status: طابور خفيف @ http://localhost:5173/app.js:340
[  365704ms] [INFO] [Status] محطة وقود السلامة | activeDevices: 0 | final status: طابور خفيف @ http://localhost:5173/app.js:340
[  365704ms] [INFO] [Status] محطة وقود | activeDevices: 0 | final status: طابور خفيف @ http://localhost:5173/app.js:340
[  365704ms] [INFO] [Status] محطة وقود | activeDevices: 0 | final status: طابور خفيف @ http://localhost:5173/app.js:340
[  365704ms] [INFO] [Status] محطة وقود غير مسماة - way/569420777 | activeDevices: 0 | final status: زحمة @ http://localhost:5173/app.js:340
[  365704ms] [INFO] [Status] محطة وقود الحبايبية | activeDevices: 0 | final status: عالبومبة طول @ http://localhost:5173/app.js:340
[  365704ms] [INFO] [Status] محطة وقود الرحمة | activeDevices: 0 | final status: طابور خفيف @ http://localhost:5173/app.js:340
[  365704ms] [INFO] [Status] محطة وقود | activeDevices: 0 | final status: طابور خفيف @ http://localhost:5173/app.js:340
[  365704ms] [INFO] [Status] محطة وقود السراج | activeDevices: 0 | final status: طابور خفيف @ http://localhost:5173/app.js:340
[  365704ms] [INFO] [Status] محطة وقود | activeDevices: 0 | final status: طابور خفيف @ http://localhost:5173/app.js:340
[  365704ms] [INFO] [Status] محطه شركة السلام - ليبيا نفط | activeDevices: 0 | final status: طابور خفيف @ http://localhost:5173/app.js:340
[  365705ms] [INFO] [Status] محطة وقود | activeDevices: 0 | final status: طابور خفيف @ http://localhost:5173/app.js:340
[  365705ms] [INFO] [Status] محطة وقود فتروش | activeDevices: 0 | final status: طابور خفيف @ http://localhost:5173/app.js:340
[  365705ms] [INFO] [Status] محطة وقود غير مسماة - way/875267927 | activeDevices: 0 | final status: طابور خفيف @ http://localhost:5173/app.js:340
[  365705ms] [INFO] [Status] محطة وقود بير العالم | activeDevices: 0 | final status: طابور خفيف @ http://localhost:5173/app.js:340
[  365705ms] [INFO] [Status] محطة وقود كرواط | activeDevices: 0 | final status: طابور خفيف @ http://localhost:5173/app.js:340
[  365705ms] [INFO] [Status] محطة وقود | activeDevices: 0 | final status: طابور خفيف @ http://localhost:5173/app.js:340
[  365705ms] [INFO] [Status] محطة وقود | activeDevices: 0 | final status: طابور خفيف @ http://localhost:5173/app.js:340
[  365705ms] [INFO] [Status] محطة وقود بير العالم | activeDevices: 0 | final status: طابور خفيف @ http://localhost:5173/app.js:340
[  365705ms] [INFO] [Status] محطة وقود المقرحي | activeDevices: 0 | final status: طابور خفيف @ http://localhost:5173/app.js:340
[  365705ms] [INFO] [Status] محطة وقود المقرحي | activeDevices: 0 | final status: طابور خفيف @ http://localhost:5173/app.js:340
[  365705ms] [INFO] [Status] محطة وقود الضبيع | activeDevices: 0 | final status: طابور خفيف @ http://localhost:5173/app.js:340
[  365705ms] [INFO] [Status] محطة وقود | activeDevices: 0 | final status: طابور خفيف @ http://localhost:5173/app.js:340
[  365705ms] [INFO] [Status] محطة وقود الشرارة | activeDevices: 0 | final status: طابور خفيف @ http://localhost:5173/app.js:340
[  365705ms] [INFO] [Status] محطة المشاط | activeDevices: 0 | final status: طابور خفيف @ http://localhost:5173/app.js:340
[  365705ms] [INFO] [Status] محطة وقود غير مسماة - node/8014161288 | activeDevices: 0 | final status: طابور خفيف @ http://localhost:5173/app.js:340
[  365705ms] [INFO] [Status] محطة وقود المبدع | activeDevices: 0 | final status: طابور خفيف @ http://localhost:5173/app.js:340
[  365705ms] [INFO] [Status] محطة وقود | activeDevices: 0 | final status: طابور خفيف @ http://localhost:5173/app.js:340
[  365705ms] [INFO] [Home] total stations loaded: 114, rendered station count: 22, best station found: yes @ http://localhost:5173/app.js:382
[  394847ms] [INFO] [Status] محطة وقود الهاني | activeDevices: 0 | final status: طابور خفيف @ http://localhost:5173/app.js:340
[  394847ms] [INFO] [Status] مستودع الغاز الهاني | activeDevices: 0 | final status: طابور خفيف @ http://localhost:5173/app.js:340
[  394847ms] [INFO] [Status] محطة وقود | activeDevices: 0 | final status: طابور خفيف @ http://localhost:5173/app.js:340
[  394847ms] [INFO] [Status] محطة وقود | activeDevices: 0 | final status: طابور خفيف @ http://localhost:5173/app.js:340
[  394847ms] [INFO] [Status] محطة وقود | activeDevices: 0 | final status: طابور خفيف @ http://localhost:5173/app.js:340
[  394848ms] [INFO] [Status] Oilibya | activeDevices: 0 | final status: طابور خفيف @ http://localhost:5173/app.js:340
[  394848ms] [INFO] [Status] موزع غاز الطهي | activeDevices: 0 | final status: طابور خفيف @ http://localhost:5173/app.js:340
[  394848ms] [INFO] [Status] موزع غاز | activeDevices: 0 | final status: طابور خفيف @ http://localhost:5173/app.js:340
[  394848ms] [INFO] [Status] شركة البريقة لتسويق النفط مستودع الهاني | activeDevices: 0 | final status: طابور خفيف @ http://localhost:5173/app.js:340
[  394848ms] [INFO] [Status] محطة وقود ابوستة | activeDevices: 0 | final status: طابور خفيف @ http://localhost:5173/app.js:340
[  394848ms] [INFO] [Status] محطة وقود الشرارة | activeDevices: 0 | final status: طابور خفيف @ http://localhost:5173/app.js:340
[  394848ms] [INFO] [Status] محطة وقود بن عاشور | activeDevices: 0 | final status: طابور خفيف @ http://localhost:5173/app.js:340
[  394848ms] [INFO] [Status] محطة وقود زاوية الدهماني | activeDevices: 0 | final status: طابور خفيف @ http://localhost:5173/app.js:340
[  394848ms] [INFO] [Status] محطة زاوية الدهماني للوقود | activeDevices: 0 | final status: طابور خفيف @ http://localhost:5173/app.js:340
[  394848ms] [INFO] [Status] Oilibya | activeDevices: 0 | final status: طابور خفيف @ http://localhost:5173/app.js:340
[  394848ms] [INFO] [Status] محطة وقود باب بن غشير | activeDevices: 0 | final status: طابور خفيف @ http://localhost:5173/app.js:340
[  394848ms] [INFO] [Status] محطة وقود | activeDevices: 0 | final status: طابور خفيف @ http://localhost:5173/app.js:340
[  394848ms] [INFO] [Status] محطة وقود الشرقية | activeDevices: 0 | final status: طابور خفيف @ http://localhost:5173/app.js:340
[  394848ms] [INFO] [Status] محطة وقود عرادة | activeDevices: 0 | final status: طابور خفيف @ http://localhost:5173/app.js:340
[  394848ms] [INFO] [Status] محطة وقود | activeDevices: 0 | final status: طابور خفيف @ http://localhost:5173/app.js:340
[  394848ms] [INFO] [Status] محطة وقود الهضبة | activeDevices: 0 | final status: طابور خفيف @ http://localhost:5173/app.js:340
[  394849ms] [INFO] [Status] محطة وقود غير مسماة - node/10051127673 | activeDevices: 0 | final status: طابور خفيف @ http://localhost:5173/app.js:340
[  394849ms] [INFO] [Status] محطة وقود | activeDevices: 0 | final status: طابور خفيف @ http://localhost:5173/app.js:340
[  394849ms] [INFO] [Status] محطة وقود شارع الصريم | activeDevices: 0 | final status: طابور خفيف @ http://localhost:5173/app.js:340
[  394849ms] [INFO] [Status] محطة وقود بركة | activeDevices: 0 | final status: طابور خفيف @ http://localhost:5173/app.js:340
[  394849ms] [INFO] [Status] محطة وقود | activeDevices: 0 | final status: طابور خفيف @ http://localhost:5173/app.js:340
[  394849ms] [INFO] [Status] محطة وقود الفلاح | activeDevices: 0 | final status: طابور خفيف @ http://localhost:5173/app.js:340
[  394849ms] [INFO] [Status] محطة وقود المنصورة | activeDevices: 0 | final status: طابور خفيف @ http://localhost:5173/app.js:340
[  394849ms] [INFO] [Status] محطة وقود أبوسليم | activeDevices: 0 | final status: طابور خفيف @ http://localhost:5173/app.js:340
[  394849ms] [INFO] [Status] محطة وقود السدرة -الراحلة | activeDevices: 0 | final status: طابور خفيف @ http://localhost:5173/app.js:340
[  394849ms] [INFO] [Status] محطة وقود | activeDevices: 0 | final status: طابور خفيف @ http://localhost:5173/app.js:340
[  394849ms] [INFO] [Status] محطة وقود طريق المشتل | activeDevices: 0 | final status: طابور خفيف @ http://localhost:5173/app.js:340
[  394849ms] [INFO] [Status] محطة وقود الراحلة | activeDevices: 0 | final status: عالبومبة طول @ http://localhost:5173/app.js:340
[  394849ms] [INFO] [Status] محطة وقود | activeDevices: 0 | final status: طابور خفيف @ http://localhost:5173/app.js:340
[  394849ms] [INFO] [Status] محطة وقود السويحلي | activeDevices: 0 | final status: طابور خفيف @ http://localhost:5173/app.js:340
[  394849ms] [INFO] [Status] محطة وقود الفلاح | activeDevices: 0 | final status: طابور خفيف @ http://localhost:5173/app.js:340
[  394849ms] [INFO] [Status] محطة وقود البيفي | activeDevices: 0 | final status: طابور خفيف @ http://localhost:5173/app.js:340
[  394849ms] [INFO] [Status] محطة وقود / برقان | activeDevices: 0 | final status: طابور خفيف @ http://localhost:5173/app.js:340
[  394849ms] [INFO] [Status] محطة وقود / الجبو | activeDevices: 0 | final status: طابور خفيف @ http://localhost:5173/app.js:340
[  394849ms] [INFO] [Status] محطة وقود | activeDevices: 0 | final status: طابور خفيف @ http://localhost:5173/app.js:340
[  394850ms] [INFO] [Status] محطة وقود الخبولي | activeDevices: 0 | final status: طابور خفيف @ http://localhost:5173/app.js:340
[  394850ms] [INFO] [Status] محطة وقود | activeDevices: 0 | final status: طابور خفيف @ http://localhost:5173/app.js:340
[  394850ms] [INFO] [Status] محطة وقود | activeDevices: 0 | final status: طابور خفيف @ http://localhost:5173/app.js:340
[  394850ms] [INFO] [Status] محطة وقود | activeDevices: 0 | final status: طابور خفيف @ http://localhost:5173/app.js:340
[  394850ms] [INFO] [Status] محطة وقود | activeDevices: 0 | final status: طابور خفيف @ http://localhost:5173/app.js:340
[  394850ms] [INFO] [Status] أويليبيا | activeDevices: 0 | final status: طابور خفيف @ http://localhost:5173/app.js:340
[  394850ms] [INFO] [Status] محطة وقود | activeDevices: 0 | final status: طابور خفيف @ http://localhost:5173/app.js:340
[  394850ms] [INFO] [Status] أويليبيا | activeDevices: 0 | final status: طابور خفيف @ http://localhost:5173/app.js:340
[  394850ms] [INFO] [Status] محطة توزيع غاز | activeDevices: 0 | final status: طابور خفيف @ http://localhost:5173/app.js:340
[  394850ms] [INFO] [Status] محطة وقود | activeDevices: 0 | final status: طابور خفيف @ http://localhost:5173/app.js:340
[  394850ms] [INFO] [Status] محطة وقود غير مسماة - node/12492729341 | activeDevices: 0 | final status: طابور خفيف @ http://localhost:5173/app.js:340
[  394850ms] [INFO] [Status] محطة وقود | activeDevices: 0 | final status: طابور خفيف @ http://localhost:5173/app.js:340
[  394850ms] [INFO] [Status] محطة وقود | activeDevices: 0 | final status: طابور خفيف @ http://localhost:5173/app.js:340
[  394850ms] [INFO] [Status] غاز بنبلي | activeDevices: 0 | final status: طابور خفيف @ http://localhost:5173/app.js:340
[  394850ms] [INFO] [Status] محطة وقود البوعيشي | activeDevices: 0 | final status: طابور خفيف @ http://localhost:5173/app.js:340
[  394850ms] [INFO] [Status] محطة وقود اسبان | activeDevices: 0 | final status: طابور خفيف @ http://localhost:5173/app.js:340
[  394850ms] [INFO] [Status] محطة وقود اسبان | activeDevices: 0 | final status: طابور خفيف @ http://localhost:5173/app.js:340
[  394850ms] [INFO] [Status] محطة وقود أحمد محمود | activeDevices: 0 | final status: طابور خفيف @ http://localhost:5173/app.js:340
[  394850ms] [INFO] [Status] محطة وقود المشري | activeDevices: 0 | final status: طابور خفيف @ http://localhost:5173/app.js:340
[  394850ms] [INFO] [Status] محطة وقود تاجواء الوسط | activeDevices: 0 | final status: طابور خفيف @ http://localhost:5173/app.js:340
[  394850ms] [INFO] [Status] محطة وقود | activeDevices: 0 | final status: طابور خفيف @ http://localhost:5173/app.js:340
[  394850ms] [INFO] [Status] محطة وقود | activeDevices: 0 | final status: طابور خفيف @ http://localhost:5173/app.js:340
[  394850ms] [INFO] [Status] محطة وقود الشعافي | activeDevices: 0 | final status: طابور خفيف @ http://localhost:5173/app.js:340
[  394850ms] [INFO] [Status] محطة وقود السويحلي | activeDevices: 0 | final status: مسكر @ http://localhost:5173/app.js:340
[  394850ms] [INFO] [Status] محطة وقود | activeDevices: 0 | final status: طابور خفيف @ http://localhost:5173/app.js:340
[  394850ms] [INFO] [Status] محطة وقود | activeDevices: 0 | final status: طابور خفيف @ http://localhost:5173/app.js:340
[  394850ms] [INFO] [Status] محطة وقود | activeDevices: 0 | final status: طابور خفيف @ http://localhost:5173/app.js:340
[  394851ms] [INFO] [Status] محطة وقود غوط الشعال | activeDevices: 0 | final status: طابور خفيف @ http://localhost:5173/app.js:340
[  394851ms] [INFO] [Status] محطة وقود | activeDevices: 0 | final status: طابور خفيف @ http://localhost:5173/app.js:340
[  394851ms] [INFO] [Status] محطة ابو نواس | activeDevices: 0 | final status: طابور خفيف @ http://localhost:5173/app.js:340
[  394851ms] [INFO] [Status] محطة وقود بير | activeDevices: 0 | final status: طابور خفيف @ http://localhost:5173/app.js:340
[  394851ms] [INFO] [Status] محطة وقود ابونواس | activeDevices: 0 | final status: طابور خفيف @ http://localhost:5173/app.js:340
[  394851ms] [INFO] [Status] محطة وقود القاضي | activeDevices: 0 | final status: طابور خفيف @ http://localhost:5173/app.js:340
[  394851ms] [INFO] [Status] محطة وقود | activeDevices: 0 | final status: طابور خفيف @ http://localhost:5173/app.js:340
[  394851ms] [INFO] [Status] محطة وقود | activeDevices: 0 | final status: طابور خفيف @ http://localhost:5173/app.js:340
[  394851ms] [INFO] [Status] محطة وقود غير مسماة - way/569303812 | activeDevices: 0 | final status: طابور خفيف @ http://localhost:5173/app.js:340
[  394851ms] [INFO] [Status] Oilibya | activeDevices: 0 | final status: طابور خفيف @ http://localhost:5173/app.js:340
[  394851ms] [INFO] [Status] محطة وقود الضواحي ⛽ | activeDevices: 0 | final status: طابور خفيف @ http://localhost:5173/app.js:340
[  394851ms] [INFO] [Status] محطة وقود | activeDevices: 0 | final status: طابور خفيف @ http://localhost:5173/app.js:340
[  394851ms] [INFO] [Status] محطة وقود / شيل الرقبة | activeDevices: 0 | final status: طابور خفيف @ http://localhost:5173/app.js:340
[  394851ms] [INFO] [Status] محطة وقود | activeDevices: 0 | final status: طابور خفيف @ http://localhost:5173/app.js:340
[  394851ms] [INFO] [Status] موزع غاز حكومي | activeDevices: 0 | final status: طابور خفيف @ http://localhost:5173/app.js:340
[  394851ms] [INFO] [Status] محطة وقود | activeDevices: 0 | final status: طابور خفيف @ http://localhost:5173/app.js:340
[  394851ms] [INFO] [Status] محطة وقود بن غرسة | activeDevices: 0 | final status: طابور خفيف @ http://localhost:5173/app.js:340
[  394851ms] [INFO] [Status] محطة وقود | activeDevices: 0 | final status: طابور خفيف @ http://localhost:5173/app.js:340
[  394851ms] [INFO] [Status] تحت الانشاء | activeDevices: 0 | final status: طابور خفيف @ http://localhost:5173/app.js:340
[  394851ms] [INFO] [Status] محطة وقود | activeDevices: 0 | final status: طابور خفيف @ http://localhost:5173/app.js:340
[  394851ms] [INFO] [Status] محطة وقود السلامة | activeDevices: 0 | final status: طابور خفيف @ http://localhost:5173/app.js:340
[  394851ms] [INFO] [Status] محطة وقود | activeDevices: 0 | final status: طابور خفيف @ http://localhost:5173/app.js:340
[  394851ms] [INFO] [Status] محطة وقود | activeDevices: 0 | final status: طابور خفيف @ http://localhost:5173/app.js:340
[  394851ms] [INFO] [Status] محطة وقود غير مسماة - way/569420777 | activeDevices: 0 | final status: زحمة @ http://localhost:5173/app.js:340
[  394851ms] [INFO] [Status] محطة وقود الحبايبية | activeDevices: 0 | final status: عالبومبة طول @ http://localhost:5173/app.js:340
[  394851ms] [INFO] [Status] محطة وقود الرحمة | activeDevices: 0 | final status: طابور خفيف @ http://localhost:5173/app.js:340
[  394851ms] [INFO] [Status] محطة وقود | activeDevices: 0 | final status: طابور خفيف @ http://localhost:5173/app.js:340
[  394851ms] [INFO] [Status] محطة وقود السراج | activeDevices: 0 | final status: طابور خفيف @ http://localhost:5173/app.js:340
[  394852ms] [INFO] [Status] محطة وقود | activeDevices: 0 | final status: طابور خفيف @ http://localhost:5173/app.js:340
[  394852ms] [INFO] [Status] محطه شركة السلام - ليبيا نفط | activeDevices: 0 | final status: طابور خفيف @ http://localhost:5173/app.js:340
[  394852ms] [INFO] [Status] محطة وقود | activeDevices: 0 | final status: طابور خفيف @ http://localhost:5173/app.js:340
[  394852ms] [INFO] [Status] محطة وقود فتروش | activeDevices: 0 | final status: طابور خفيف @ http://localhost:5173/app.js:340
[  394852ms] [INFO] [Status] محطة وقود غير مسماة - way/875267927 | activeDevices: 0 | final status: طابور خفيف @ http://localhost:5173/app.js:340
[  394852ms] [INFO] [Status] محطة وقود بير العالم | activeDevices: 0 | final status: طابور خفيف @ http://localhost:5173/app.js:340
[  394852ms] [INFO] [Status] محطة وقود كرواط | activeDevices: 0 | final status: طابور خفيف @ http://localhost:5173/app.js:340
[  394852ms] [INFO] [Status] محطة وقود | activeDevices: 0 | final status: طابور خفيف @ http://localhost:5173/app.js:340
[  394852ms] [INFO] [Status] محطة وقود | activeDevices: 0 | final status: طابور خفيف @ http://localhost:5173/app.js:340
[  394852ms] [INFO] [Status] محطة وقود بير العالم | activeDevices: 0 | final status: طابور خفيف @ http://localhost:5173/app.js:340
[  394852ms] [INFO] [Status] محطة وقود المقرحي | activeDevices: 0 | final status: طابور خفيف @ http://localhost:5173/app.js:340
[  394852ms] [INFO] [Status] محطة وقود المقرحي | activeDevices: 0 | final status: طابور خفيف @ http://localhost:5173/app.js:340
[  394852ms] [INFO] [Status] محطة وقود الضبيع | activeDevices: 0 | final status: طابور خفيف @ http://localhost:5173/app.js:340
[  394852ms] [INFO] [Status] محطة وقود | activeDevices: 0 | final status: طابور خفيف @ http://localhost:5173/app.js:340
[  394852ms] [INFO] [Status] محطة وقود الشرارة | activeDevices: 0 | final status: طابور خفيف @ http://localhost:5173/app.js:340
[  394852ms] [INFO] [Status] محطة المشاط | activeDevices: 0 | final status: طابور خفيف @ http://localhost:5173/app.js:340
[  394852ms] [INFO] [Status] محطة وقود غير مسماة - node/8014161288 | activeDevices: 0 | final status: طابور خفيف @ http://localhost:5173/app.js:340
[  394852ms] [INFO] [Status] محطة وقود المبدع | activeDevices: 0 | final status: طابور خفيف @ http://localhost:5173/app.js:340
[  394852ms] [INFO] [Status] محطة وقود | activeDevices: 0 | final status: طابور خفيف @ http://localhost:5173/app.js:340
[  394852ms] [INFO] [Home] total stations loaded: 114, rendered station count: 22, best station found: yes @ http://localhost:5173/app.js:382
[  425574ms] [INFO] [Repository] Presence fetch succeeded. Active rows: 0. @ http://localhost:5173/repository.mjs:186
[  425574ms] [INFO] [Status] محطة وقود الهاني | activeDevices: 0 | final status: طابور خفيف @ http://localhost:5173/app.js:340
[  425575ms] [INFO] [Status] مستودع الغاز الهاني | activeDevices: 0 | final status: طابور خفيف @ http://localhost:5173/app.js:340
[  425575ms] [INFO] [Status] محطة وقود | activeDevices: 0 | final status: طابور خفيف @ http://localhost:5173/app.js:340
[  425575ms] [INFO] [Status] محطة وقود | activeDevices: 0 | final status: طابور خفيف @ http://localhost:5173/app.js:340
[  425575ms] [INFO] [Status] محطة وقود | activeDevices: 0 | final status: طابور خفيف @ http://localhost:5173/app.js:340
[  425575ms] [INFO] [Status] Oilibya | activeDevices: 0 | final status: طابور خفيف @ http://localhost:5173/app.js:340
[  425575ms] [INFO] [Status] موزع غاز الطهي | activeDevices: 0 | final status: طابور خفيف @ http://localhost:5173/app.js:340
[  425575ms] [INFO] [Status] موزع غاز | activeDevices: 0 | final status: طابور خفيف @ http://localhost:5173/app.js:340
[  425575ms] [INFO] [Status] شركة البريقة لتسويق النفط مستودع الهاني | activeDevices: 0 | final status: طابور خفيف @ http://localhost:5173/app.js:340
[  425575ms] [INFO] [Status] محطة وقود ابوستة | activeDevices: 0 | final status: طابور خفيف @ http://localhost:5173/app.js:340
[  425575ms] [INFO] [Status] محطة وقود الشرارة | activeDevices: 0 | final status: طابور خفيف @ http://localhost:5173/app.js:340
[  425575ms] [INFO] [Status] محطة وقود بن عاشور | activeDevices: 0 | final status: طابور خفيف @ http://localhost:5173/app.js:340
[  425575ms] [INFO] [Status] محطة وقود زاوية الدهماني | activeDevices: 0 | final status: طابور خفيف @ http://localhost:5173/app.js:340
[  425575ms] [INFO] [Status] محطة زاوية الدهماني للوقود | activeDevices: 0 | final status: طابور خفيف @ http://localhost:5173/app.js:340
[  425575ms] [INFO] [Status] Oilibya | activeDevices: 0 | final status: طابور خفيف @ http://localhost:5173/app.js:340
[  425575ms] [INFO] [Status] محطة وقود باب بن غشير | activeDevices: 0 | final status: طابور خفيف @ http://localhost:5173/app.js:340
[  425575ms] [INFO] [Status] محطة وقود | activeDevices: 0 | final status: طابور خفيف @ http://localhost:5173/app.js:340
[  425575ms] [INFO] [Status] محطة وقود الشرقية | activeDevices: 0 | final status: طابور خفيف @ http://localhost:5173/app.js:340
[  425575ms] [INFO] [Status] محطة وقود عرادة | activeDevices: 0 | final status: طابور خفيف @ http://localhost:5173/app.js:340
[  425575ms] [INFO] [Status] محطة وقود | activeDevices: 0 | final status: طابور خفيف @ http://localhost:5173/app.js:340
[  425575ms] [INFO] [Status] محطة وقود الهضبة | activeDevices: 0 | final status: طابور خفيف @ http://localhost:5173/app.js:340
[  425575ms] [INFO] [Status] محطة وقود غير مسماة - node/10051127673 | activeDevices: 0 | final status: طابور خفيف @ http://localhost:5173/app.js:340
[  425575ms] [INFO] [Status] محطة وقود | activeDevices: 0 | final status: طابور خفيف @ http://localhost:5173/app.js:340
[  425575ms] [INFO] [Status] محطة وقود شارع الصريم | activeDevices: 0 | final status: طابور خفيف @ http://localhost:5173/app.js:340
[  425575ms] [INFO] [Status] محطة وقود بركة | activeDevices: 0 | final status: طابور خفيف @ http://localhost:5173/app.js:340
[  425575ms] [INFO] [Status] محطة وقود | activeDevices: 0 | final status: طابور خفيف @ http://localhost:5173/app.js:340
[  425575ms] [INFO] [Status] محطة وقود الفلاح | activeDevices: 0 | final status: طابور خفيف @ http://localhost:5173/app.js:340
[  425575ms] [INFO] [Status] محطة وقود المنصورة | activeDevices: 0 | final status: طابور خفيف @ http://localhost:5173/app.js:340
[  425575ms] [INFO] [Status] محطة وقود أبوسليم | activeDevices: 0 | final status: طابور خفيف @ http://localhost:5173/app.js:340
[  425575ms] [INFO] [Status] محطة وقود السدرة -الراحلة | activeDevices: 0 | final status: طابور خفيف @ http://localhost:5173/app.js:340
[  425575ms] [INFO] [Status] محطة وقود | activeDevices: 0 | final status: طابور خفيف @ http://localhost:5173/app.js:340
[  425576ms] [INFO] [Status] محطة وقود طريق المشتل | activeDevices: 0 | final status: طابور خفيف @ http://localhost:5173/app.js:340
[  425576ms] [INFO] [Status] محطة وقود الراحلة | activeDevices: 0 | final status: عالبومبة طول @ http://localhost:5173/app.js:340
[  425576ms] [INFO] [Status] محطة وقود | activeDevices: 0 | final status: طابور خفيف @ http://localhost:5173/app.js:340
[  425576ms] [INFO] [Status] محطة وقود السويحلي | activeDevices: 0 | final status: طابور خفيف @ http://localhost:5173/app.js:340
[  425576ms] [INFO] [Status] محطة وقود الفلاح | activeDevices: 0 | final status: طابور خفيف @ http://localhost:5173/app.js:340
[  425576ms] [INFO] [Status] محطة وقود البيفي | activeDevices: 0 | final status: طابور خفيف @ http://localhost:5173/app.js:340
[  425576ms] [INFO] [Status] محطة وقود / برقان | activeDevices: 0 | final status: طابور خفيف @ http://localhost:5173/app.js:340
[  425576ms] [INFO] [Status] محطة وقود / الجبو | activeDevices: 0 | final status: طابور خفيف @ http://localhost:5173/app.js:340
[  425576ms] [INFO] [Status] محطة وقود | activeDevices: 0 | final status: طابور خفيف @ http://localhost:5173/app.js:340
[  425576ms] [INFO] [Status] محطة وقود الخبولي | activeDevices: 0 | final status: طابور خفيف @ http://localhost:5173/app.js:340
[  425576ms] [INFO] [Status] محطة وقود | activeDevices: 0 | final status: طابور خفيف @ http://localhost:5173/app.js:340
[  425576ms] [INFO] [Status] محطة وقود | activeDevices: 0 | final status: طابور خفيف @ http://localhost:5173/app.js:340
[  425576ms] [INFO] [Status] محطة وقود | activeDevices: 0 | final status: طابور خفيف @ http://localhost:5173/app.js:340
[  425576ms] [INFO] [Status] محطة وقود | activeDevices: 0 | final status: طابور خفيف @ http://localhost:5173/app.js:340
[  425576ms] [INFO] [Status] أويليبيا | activeDevices: 0 | final status: طابور خفيف @ http://localhost:5173/app.js:340
[  425576ms] [INFO] [Status] محطة وقود | activeDevices: 0 | final status: طابور خفيف @ http://localhost:5173/app.js:340
[  425576ms] [INFO] [Status] أويليبيا | activeDevices: 0 | final status: طابور خفيف @ http://localhost:5173/app.js:340
[  425576ms] [INFO] [Status] محطة توزيع غاز | activeDevices: 0 | final status: طابور خفيف @ http://localhost:5173/app.js:340
[  425576ms] [INFO] [Status] محطة وقود | activeDevices: 0 | final status: طابور خفيف @ http://localhost:5173/app.js:340
[  425576ms] [INFO] [Status] محطة وقود غير مسماة - node/12492729341 | activeDevices: 0 | final status: طابور خفيف @ http://localhost:5173/app.js:340
[  425576ms] [INFO] [Status] محطة وقود | activeDevices: 0 | final status: طابور خفيف @ http://localhost:5173/app.js:340
[  425576ms] [INFO] [Status] محطة وقود | activeDevices: 0 | final status: طابور خفيف @ http://localhost:5173/app.js:340
[  425576ms] [INFO] [Status] غاز بنبلي | activeDevices: 0 | final status: طابور خفيف @ http://localhost:5173/app.js:340
[  425576ms] [INFO] [Status] محطة وقود البوعيشي | activeDevices: 0 | final status: طابور خفيف @ http://localhost:5173/app.js:340
[  425576ms] [INFO] [Status] محطة وقود اسبان | activeDevices: 0 | final status: طابور خفيف @ http://localhost:5173/app.js:340
[  425576ms] [INFO] [Status] محطة وقود اسبان | activeDevices: 0 | final status: طابور خفيف @ http://localhost:5173/app.js:340
[  425576ms] [INFO] [Status] محطة وقود أحمد محمود | activeDevices: 0 | final status: طابور خفيف @ http://localhost:5173/app.js:340
[  425577ms] [INFO] [Status] محطة وقود المشري | activeDevices: 0 | final status: طابور خفيف @ http://localhost:5173/app.js:340
[  425577ms] [INFO] [Status] محطة وقود تاجواء الوسط | activeDevices: 0 | final status: طابور خفيف @ http://localhost:5173/app.js:340
[  425577ms] [INFO] [Status] محطة وقود | activeDevices: 0 | final status: طابور خفيف @ http://localhost:5173/app.js:340
[  425577ms] [INFO] [Status] محطة وقود | activeDevices: 0 | final status: طابور خفيف @ http://localhost:5173/app.js:340
[  425577ms] [INFO] [Status] محطة وقود الشعافي | activeDevices: 0 | final status: طابور خفيف @ http://localhost:5173/app.js:340
[  425577ms] [INFO] [Status] محطة وقود السويحلي | activeDevices: 0 | final status: مسكر @ http://localhost:5173/app.js:340
[  425577ms] [INFO] [Status] محطة وقود | activeDevices: 0 | final status: طابور خفيف @ http://localhost:5173/app.js:340
[  425577ms] [INFO] [Status] محطة وقود | activeDevices: 0 | final status: طابور خفيف @ http://localhost:5173/app.js:340
[  425577ms] [INFO] [Status] محطة وقود | activeDevices: 0 | final status: طابور خفيف @ http://localhost:5173/app.js:340
[  425577ms] [INFO] [Status] محطة وقود غوط الشعال | activeDevices: 0 | final status: طابور خفيف @ http://localhost:5173/app.js:340
[  425577ms] [INFO] [Status] محطة وقود | activeDevices: 0 | final status: طابور خفيف @ http://localhost:5173/app.js:340
[  425577ms] [INFO] [Status] محطة ابو نواس | activeDevices: 0 | final status: طابور خفيف @ http://localhost:5173/app.js:340
[  425577ms] [INFO] [Status] محطة وقود بير | activeDevices: 0 | final status: طابور خفيف @ http://localhost:5173/app.js:340
[  425577ms] [INFO] [Status] محطة وقود ابونواس | activeDevices: 0 | final status: طابور خفيف @ http://localhost:5173/app.js:340
[  425577ms] [INFO] [Status] محطة وقود القاضي | activeDevices: 0 | final status: طابور خفيف @ http://localhost:5173/app.js:340
[  425577ms] [INFO] [Status] محطة وقود | activeDevices: 0 | final status: طابور خفيف @ http://localhost:5173/app.js:340
[  425577ms] [INFO] [Status] محطة وقود | activeDevices: 0 | final status: طابور خفيف @ http://localhost:5173/app.js:340
[  425577ms] [INFO] [Status] محطة وقود غير مسماة - way/569303812 | activeDevices: 0 | final status: طابور خفيف @ http://localhost:5173/app.js:340
[  425577ms] [INFO] [Status] Oilibya | activeDevices: 0 | final status: طابور خفيف @ http://localhost:5173/app.js:340
[  425577ms] [INFO] [Status] محطة وقود الضواحي ⛽ | activeDevices: 0 | final status: طابور خفيف @ http://localhost:5173/app.js:340
[  425577ms] [INFO] [Status] محطة وقود | activeDevices: 0 | final status: طابور خفيف @ http://localhost:5173/app.js:340
[  425577ms] [INFO] [Status] محطة وقود / شيل الرقبة | activeDevices: 0 | final status: طابور خفيف @ http://localhost:5173/app.js:340
[  425577ms] [INFO] [Status] محطة وقود | activeDevices: 0 | final status: طابور خفيف @ http://localhost:5173/app.js:340
[  425577ms] [INFO] [Status] موزع غاز حكومي | activeDevices: 0 | final status: طابور خفيف @ http://localhost:5173/app.js:340
[  425577ms] [INFO] [Status] محطة وقود | activeDevices: 0 | final status: طابور خفيف @ http://localhost:5173/app.js:340
[  425577ms] [INFO] [Status] محطة وقود بن غرسة | activeDevices: 0 | final status: طابور خفيف @ http://localhost:5173/app.js:340
[  425577ms] [INFO] [Status] محطة وقود | activeDevices: 0 | final status: طابور خفيف @ http://localhost:5173/app.js:340
[  425578ms] [INFO] [Status] تحت الانشاء | activeDevices: 0 | final status: طابور خفيف @ http://localhost:5173/app.js:340
[  425578ms] [INFO] [Status] محطة وقود | activeDevices: 0 | final status: طابور خفيف @ http://localhost:5173/app.js:340
[  425578ms] [INFO] [Status] محطة وقود السلامة | activeDevices: 0 | final status: طابور خفيف @ http://localhost:5173/app.js:340
[  425578ms] [INFO] [Status] محطة وقود | activeDevices: 0 | final status: طابور خفيف @ http://localhost:5173/app.js:340
[  425578ms] [INFO] [Status] محطة وقود | activeDevices: 0 | final status: طابور خفيف @ http://localhost:5173/app.js:340
[  425578ms] [INFO] [Status] محطة وقود غير مسماة - way/569420777 | activeDevices: 0 | final status: زحمة @ http://localhost:5173/app.js:340
[  425578ms] [INFO] [Status] محطة وقود الحبايبية | activeDevices: 0 | final status: عالبومبة طول @ http://localhost:5173/app.js:340
[  425578ms] [INFO] [Status] محطة وقود الرحمة | activeDevices: 0 | final status: طابور خفيف @ http://localhost:5173/app.js:340
[  425578ms] [INFO] [Status] محطة وقود | activeDevices: 0 | final status: طابور خفيف @ http://localhost:5173/app.js:340
[  425578ms] [INFO] [Status] محطة وقود السراج | activeDevices: 0 | final status: طابور خفيف @ http://localhost:5173/app.js:340
[  425578ms] [INFO] [Status] محطة وقود | activeDevices: 0 | final status: طابور خفيف @ http://localhost:5173/app.js:340
[  425578ms] [INFO] [Status] محطه شركة السلام - ليبيا نفط | activeDevices: 0 | final status: طابور خفيف @ http://localhost:5173/app.js:340
[  425578ms] [INFO] [Status] محطة وقود | activeDevices: 0 | final status: طابور خفيف @ http://localhost:5173/app.js:340
[  425578ms] [INFO] [Status] محطة وقود فتروش | activeDevices: 0 | final status: طابور خفيف @ http://localhost:5173/app.js:340
[  425578ms] [INFO] [Status] محطة وقود غير مسماة - way/875267927 | activeDevices: 0 | final status: طابور خفيف @ http://localhost:5173/app.js:340
[  425578ms] [INFO] [Status] محطة وقود بير العالم | activeDevices: 0 | final status: طابور خفيف @ http://localhost:5173/app.js:340
[  425578ms] [INFO] [Status] محطة وقود كرواط | activeDevices: 0 | final status: طابور خفيف @ http://localhost:5173/app.js:340
[  425578ms] [INFO] [Status] محطة وقود | activeDevices: 0 | final status: طابور خفيف @ http://localhost:5173/app.js:340
[  425578ms] [INFO] [Status] محطة وقود | activeDevices: 0 | final status: طابور خفيف @ http://localhost:5173/app.js:340
[  425578ms] [INFO] [Status] محطة وقود بير العالم | activeDevices: 0 | final status: طابور خفيف @ http://localhost:5173/app.js:340
[  425578ms] [INFO] [Status] محطة وقود المقرحي | activeDevices: 0 | final status: طابور خفيف @ http://localhost:5173/app.js:340
[  425578ms] [INFO] [Status] محطة وقود المقرحي | activeDevices: 0 | final status: طابور خفيف @ http://localhost:5173/app.js:340
[  425578ms] [INFO] [Status] محطة وقود الضبيع | activeDevices: 0 | final status: طابور خفيف @ http://localhost:5173/app.js:340
[  425578ms] [INFO] [Status] محطة وقود | activeDevices: 0 | final status: طابور خفيف @ http://localhost:5173/app.js:340
[  425578ms] [INFO] [Status] محطة وقود الشرارة | activeDevices: 0 | final status: طابور خفيف @ http://localhost:5173/app.js:340
[  425578ms] [INFO] [Status] محطة المشاط | activeDevices: 0 | final status: طابور خفيف @ http://localhost:5173/app.js:340
[  425578ms] [INFO] [Status] محطة وقود غير مسماة - node/8014161288 | activeDevices: 0 | final status: طابور خفيف @ http://localhost:5173/app.js:340
[  425578ms] [INFO] [Status] محطة وقود المبدع | activeDevices: 0 | final status: طابور خفيف @ http://localhost:5173/app.js:340
[  425578ms] [INFO] [Status] محطة وقود | activeDevices: 0 | final status: طابور خفيف @ http://localhost:5173/app.js:340
[  425579ms] [INFO] [Home] total stations loaded: 114, rendered station count: 22, best station found: yes @ http://localhost:5173/app.js:382
[  447179ms] [INFO] [Status] محطة وقود الهاني | activeDevices: 0 | final status: طابور خفيف @ http://localhost:5173/app.js:340
[  447179ms] [INFO] [Status] مستودع الغاز الهاني | activeDevices: 0 | final status: طابور خفيف @ http://localhost:5173/app.js:340
[  447179ms] [INFO] [Status] محطة وقود | activeDevices: 0 | final status: طابور خفيف @ http://localhost:5173/app.js:340
[  447179ms] [INFO] [Status] محطة وقود | activeDevices: 0 | final status: طابور خفيف @ http://localhost:5173/app.js:340
[  447179ms] [INFO] [Status] محطة وقود | activeDevices: 0 | final status: طابور خفيف @ http://localhost:5173/app.js:340
[  447179ms] [INFO] [Status] Oilibya | activeDevices: 0 | final status: طابور خفيف @ http://localhost:5173/app.js:340
[  447180ms] [INFO] [Status] موزع غاز الطهي | activeDevices: 0 | final status: طابور خفيف @ http://localhost:5173/app.js:340
[  447180ms] [INFO] [Status] موزع غاز | activeDevices: 0 | final status: طابور خفيف @ http://localhost:5173/app.js:340
[  447180ms] [INFO] [Status] شركة البريقة لتسويق النفط مستودع الهاني | activeDevices: 0 | final status: طابور خفيف @ http://localhost:5173/app.js:340
[  447180ms] [INFO] [Status] محطة وقود ابوستة | activeDevices: 0 | final status: طابور خفيف @ http://localhost:5173/app.js:340
[  447180ms] [INFO] [Status] محطة وقود الشرارة | activeDevices: 0 | final status: طابور خفيف @ http://localhost:5173/app.js:340
[  447180ms] [INFO] [Status] محطة وقود بن عاشور | activeDevices: 0 | final status: طابور خفيف @ http://localhost:5173/app.js:340
[  447180ms] [INFO] [Status] محطة وقود زاوية الدهماني | activeDevices: 0 | final status: طابور خفيف @ http://localhost:5173/app.js:340
[  447180ms] [INFO] [Status] محطة زاوية الدهماني للوقود | activeDevices: 0 | final status: طابور خفيف @ http://localhost:5173/app.js:340
[  447180ms] [INFO] [Status] Oilibya | activeDevices: 0 | final status: طابور خفيف @ http://localhost:5173/app.js:340
[  447180ms] [INFO] [Status] محطة وقود باب بن غشير | activeDevices: 0 | final status: طابور خفيف @ http://localhost:5173/app.js:340
[  447180ms] [INFO] [Status] محطة وقود | activeDevices: 0 | final status: طابور خفيف @ http://localhost:5173/app.js:340
[  447180ms] [INFO] [Status] محطة وقود الشرقية | activeDevices: 0 | final status: طابور خفيف @ http://localhost:5173/app.js:340
[  447180ms] [INFO] [Status] محطة وقود عرادة | activeDevices: 0 | final status: طابور خفيف @ http://localhost:5173/app.js:340
[  447180ms] [INFO] [Status] محطة وقود | activeDevices: 0 | final status: طابور خفيف @ http://localhost:5173/app.js:340
[  447180ms] [INFO] [Status] محطة وقود الهضبة | activeDevices: 0 | final status: طابور خفيف @ http://localhost:5173/app.js:340
[  447181ms] [INFO] [Status] محطة وقود غير مسماة - node/10051127673 | activeDevices: 0 | final status: طابور خفيف @ http://localhost:5173/app.js:340
[  447181ms] [INFO] [Status] محطة وقود | activeDevices: 0 | final status: طابور خفيف @ http://localhost:5173/app.js:340
[  447181ms] [INFO] [Status] محطة وقود شارع الصريم | activeDevices: 0 | final status: طابور خفيف @ http://localhost:5173/app.js:340
[  447181ms] [INFO] [Status] محطة وقود بركة | activeDevices: 0 | final status: طابور خفيف @ http://localhost:5173/app.js:340
[  447181ms] [INFO] [Status] محطة وقود | activeDevices: 0 | final status: طابور خفيف @ http://localhost:5173/app.js:340
[  447181ms] [INFO] [Status] محطة وقود الفلاح | activeDevices: 0 | final status: طابور خفيف @ http://localhost:5173/app.js:340
[  447181ms] [INFO] [Status] محطة وقود المنصورة | activeDevices: 0 | final status: طابور خفيف @ http://localhost:5173/app.js:340
[  447181ms] [INFO] [Status] محطة وقود أبوسليم | activeDevices: 0 | final status: طابور خفيف @ http://localhost:5173/app.js:340
[  447181ms] [INFO] [Status] محطة وقود السدرة -الراحلة | activeDevices: 0 | final status: طابور خفيف @ http://localhost:5173/app.js:340
[  447181ms] [INFO] [Status] محطة وقود | activeDevices: 0 | final status: طابور خفيف @ http://localhost:5173/app.js:340
[  447181ms] [INFO] [Status] محطة وقود طريق المشتل | activeDevices: 0 | final status: طابور خفيف @ http://localhost:5173/app.js:340
[  447181ms] [INFO] [Status] محطة وقود الراحلة | activeDevices: 0 | final status: عالبومبة طول @ http://localhost:5173/app.js:340
[  447181ms] [INFO] [Status] محطة وقود | activeDevices: 0 | final status: طابور خفيف @ http://localhost:5173/app.js:340
[  447181ms] [INFO] [Status] محطة وقود السويحلي | activeDevices: 0 | final status: طابور خفيف @ http://localhost:5173/app.js:340
[  447181ms] [INFO] [Status] محطة وقود الفلاح | activeDevices: 0 | final status: طابور خفيف @ http://localhost:5173/app.js:340
[  447181ms] [INFO] [Status] محطة وقود البيفي | activeDevices: 0 | final status: طابور خفيف @ http://localhost:5173/app.js:340
[  447181ms] [INFO] [Status] محطة وقود / برقان | activeDevices: 0 | final status: طابور خفيف @ http://localhost:5173/app.js:340
[  447181ms] [INFO] [Status] محطة وقود / الجبو | activeDevices: 0 | final status: طابور خفيف @ http://localhost:5173/app.js:340
[  447181ms] [INFO] [Status] محطة وقود | activeDevices: 0 | final status: طابور خفيف @ http://localhost:5173/app.js:340
[  447181ms] [INFO] [Status] محطة وقود الخبولي | activeDevices: 0 | final status: طابور خفيف @ http://localhost:5173/app.js:340
[  447181ms] [INFO] [Status] محطة وقود | activeDevices: 0 | final status: طابور خفيف @ http://localhost:5173/app.js:340
[  447181ms] [INFO] [Status] محطة وقود | activeDevices: 0 | final status: طابور خفيف @ http://localhost:5173/app.js:340
[  447181ms] [INFO] [Status] محطة وقود | activeDevices: 0 | final status: طابور خفيف @ http://localhost:5173/app.js:340
[  447181ms] [INFO] [Status] محطة وقود | activeDevices: 0 | final status: طابور خفيف @ http://localhost:5173/app.js:340
[  447181ms] [INFO] [Status] أويليبيا | activeDevices: 0 | final status: طابور خفيف @ http://localhost:5173/app.js:340
[  447182ms] [INFO] [Status] محطة وقود | activeDevices: 0 | final status: طابور خفيف @ http://localhost:5173/app.js:340
[  447182ms] [INFO] [Status] أويليبيا | activeDevices: 0 | final status: طابور خفيف @ http://localhost:5173/app.js:340
[  447182ms] [INFO] [Status] محطة توزيع غاز | activeDevices: 0 | final status: طابور خفيف @ http://localhost:5173/app.js:340
[  447182ms] [INFO] [Status] محطة وقود | activeDevices: 0 | final status: طابور خفيف @ http://localhost:5173/app.js:340
[  447182ms] [INFO] [Status] محطة وقود غير مسماة - node/12492729341 | activeDevices: 0 | final status: طابور خفيف @ http://localhost:5173/app.js:340
[  447182ms] [INFO] [Status] محطة وقود | activeDevices: 0 | final status: طابور خفيف @ http://localhost:5173/app.js:340
[  447182ms] [INFO] [Status] محطة وقود | activeDevices: 0 | final status: طابور خفيف @ http://localhost:5173/app.js:340
[  447182ms] [INFO] [Status] غاز بنبلي | activeDevices: 0 | final status: طابور خفيف @ http://localhost:5173/app.js:340
[  447182ms] [INFO] [Status] محطة وقود البوعيشي | activeDevices: 0 | final status: طابور خفيف @ http://localhost:5173/app.js:340
[  447182ms] [INFO] [Status] محطة وقود اسبان | activeDevices: 0 | final status: طابور خفيف @ http://localhost:5173/app.js:340
[  447182ms] [INFO] [Status] محطة وقود اسبان | activeDevices: 0 | final status: طابور خفيف @ http://localhost:5173/app.js:340
[  447182ms] [INFO] [Status] محطة وقود أحمد محمود | activeDevices: 0 | final status: طابور خفيف @ http://localhost:5173/app.js:340
[  447182ms] [INFO] [Status] محطة وقود المشري | activeDevices: 0 | final status: طابور خفيف @ http://localhost:5173/app.js:340
[  447182ms] [INFO] [Status] محطة وقود تاجواء الوسط | activeDevices: 0 | final status: طابور خفيف @ http://localhost:5173/app.js:340
[  447182ms] [INFO] [Status] محطة وقود | activeDevices: 0 | final status: طابور خفيف @ http://localhost:5173/app.js:340
[  447182ms] [INFO] [Status] محطة وقود | activeDevices: 0 | final status: طابور خفيف @ http://localhost:5173/app.js:340
[  447182ms] [INFO] [Status] محطة وقود الشعافي | activeDevices: 0 | final status: طابور خفيف @ http://localhost:5173/app.js:340
[  447182ms] [INFO] [Status] محطة وقود السويحلي | activeDevices: 0 | final status: مسكر @ http://localhost:5173/app.js:340
[  447182ms] [INFO] [Status] محطة وقود | activeDevices: 0 | final status: طابور خفيف @ http://localhost:5173/app.js:340
[  447182ms] [INFO] [Status] محطة وقود | activeDevices: 0 | final status: عالبومبة طول @ http://localhost:5173/app.js:340
[  447182ms] [INFO] [Status] محطة وقود | activeDevices: 0 | final status: طابور خفيف @ http://localhost:5173/app.js:340
[  447182ms] [INFO] [Status] محطة وقود غوط الشعال | activeDevices: 0 | final status: طابور خفيف @ http://localhost:5173/app.js:340
[  447182ms] [INFO] [Status] محطة وقود | activeDevices: 0 | final status: طابور خفيف @ http://localhost:5173/app.js:340
[  447182ms] [INFO] [Status] محطة ابو نواس | activeDevices: 0 | final status: طابور خفيف @ http://localhost:5173/app.js:340
[  447182ms] [INFO] [Status] محطة وقود بير | activeDevices: 0 | final status: طابور خفيف @ http://localhost:5173/app.js:340
[  447182ms] [INFO] [Status] محطة وقود ابونواس | activeDevices: 0 | final status: طابور خفيف @ http://localhost:5173/app.js:340
[  447183ms] [INFO] [Status] محطة وقود القاضي | activeDevices: 0 | final status: طابور خفيف @ http://localhost:5173/app.js:340
[  447183ms] [INFO] [Status] محطة وقود | activeDevices: 0 | final status: طابور خفيف @ http://localhost:5173/app.js:340
[  447183ms] [INFO] [Status] محطة وقود | activeDevices: 0 | final status: طابور خفيف @ http://localhost:5173/app.js:340
[  447183ms] [INFO] [Status] محطة وقود غير مسماة - way/569303812 | activeDevices: 0 | final status: طابور خفيف @ http://localhost:5173/app.js:340
[  447183ms] [INFO] [Status] Oilibya | activeDevices: 0 | final status: طابور خفيف @ http://localhost:5173/app.js:340
[  447183ms] [INFO] [Status] محطة وقود الضواحي ⛽ | activeDevices: 0 | final status: طابور خفيف @ http://localhost:5173/app.js:340
[  447183ms] [INFO] [Status] محطة وقود | activeDevices: 0 | final status: طابور خفيف @ http://localhost:5173/app.js:340
[  447183ms] [INFO] [Status] محطة وقود / شيل الرقبة | activeDevices: 0 | final status: طابور خفيف @ http://localhost:5173/app.js:340
[  447183ms] [INFO] [Status] محطة وقود | activeDevices: 0 | final status: طابور خفيف @ http://localhost:5173/app.js:340
[  447183ms] [INFO] [Status] موزع غاز حكومي | activeDevices: 0 | final status: طابور خفيف @ http://localhost:5173/app.js:340
[  447183ms] [INFO] [Status] محطة وقود | activeDevices: 0 | final status: طابور خفيف @ http://localhost:5173/app.js:340
[  447183ms] [INFO] [Status] محطة وقود بن غرسة | activeDevices: 0 | final status: طابور خفيف @ http://localhost:5173/app.js:340
[  447183ms] [INFO] [Status] محطة وقود | activeDevices: 0 | final status: طابور خفيف @ http://localhost:5173/app.js:340
[  447183ms] [INFO] [Status] تحت الانشاء | activeDevices: 0 | final status: طابور خفيف @ http://localhost:5173/app.js:340
[  447183ms] [INFO] [Status] محطة وقود | activeDevices: 0 | final status: طابور خفيف @ http://localhost:5173/app.js:340
[  447183ms] [INFO] [Status] محطة وقود السلامة | activeDevices: 0 | final status: طابور خفيف @ http://localhost:5173/app.js:340
[  447183ms] [INFO] [Status] محطة وقود | activeDevices: 0 | final status: طابور خفيف @ http://localhost:5173/app.js:340
[  447183ms] [INFO] [Status] محطة وقود | activeDevices: 0 | final status: طابور خفيف @ http://localhost:5173/app.js:340
[  447183ms] [INFO] [Status] محطة وقود غير مسماة - way/569420777 | activeDevices: 0 | final status: زحمة @ http://localhost:5173/app.js:340
[  447183ms] [INFO] [Status] محطة وقود الحبايبية | activeDevices: 0 | final status: عالبومبة طول @ http://localhost:5173/app.js:340
[  447183ms] [INFO] [Status] محطة وقود الرحمة | activeDevices: 0 | final status: طابور خفيف @ http://localhost:5173/app.js:340
[  447183ms] [INFO] [Status] محطة وقود | activeDevices: 0 | final status: طابور خفيف @ http://localhost:5173/app.js:340
[  447183ms] [INFO] [Status] محطة وقود السراج | activeDevices: 0 | final status: طابور خفيف @ http://localhost:5173/app.js:340
[  447183ms] [INFO] [Status] محطة وقود | activeDevices: 0 | final status: طابور خفيف @ http://localhost:5173/app.js:340
[  447183ms] [INFO] [Status] محطه شركة السلام - ليبيا نفط | activeDevices: 0 | final status: طابور خفيف @ http://localhost:5173/app.js:340
[  447183ms] [INFO] [Status] محطة وقود | activeDevices: 0 | final status: طابور خفيف @ http://localhost:5173/app.js:340
[  447183ms] [INFO] [Status] محطة وقود فتروش | activeDevices: 0 | final status: طابور خفيف @ http://localhost:5173/app.js:340
[  447183ms] [INFO] [Status] محطة وقود غير مسماة - way/875267927 | activeDevices: 0 | final status: طابور خفيف @ http://localhost:5173/app.js:340
[  447183ms] [INFO] [Status] محطة وقود بير العالم | activeDevices: 0 | final status: طابور خفيف @ http://localhost:5173/app.js:340
[  447183ms] [INFO] [Status] محطة وقود كرواط | activeDevices: 0 | final status: طابور خفيف @ http://localhost:5173/app.js:340
[  447183ms] [INFO] [Status] محطة وقود | activeDevices: 0 | final status: طابور خفيف @ http://localhost:5173/app.js:340
[  447183ms] [INFO] [Status] محطة وقود | activeDevices: 0 | final status: طابور خفيف @ http://localhost:5173/app.js:340
[  447183ms] [INFO] [Status] محطة وقود بير العالم | activeDevices: 0 | final status: طابور خفيف @ http://localhost:5173/app.js:340
[  447183ms] [INFO] [Status] محطة وقود المقرحي | activeDevices: 0 | final status: طابور خفيف @ http://localhost:5173/app.js:340
[  447183ms] [INFO] [Status] محطة وقود المقرحي | activeDevices: 0 | final status: طابور خفيف @ http://localhost:5173/app.js:340
[  447184ms] [INFO] [Status] محطة وقود الضبيع | activeDevices: 0 | final status: طابور خفيف @ http://localhost:5173/app.js:340
[  447184ms] [INFO] [Status] محطة وقود | activeDevices: 0 | final status: طابور خفيف @ http://localhost:5173/app.js:340
[  447184ms] [INFO] [Status] محطة وقود الشرارة | activeDevices: 0 | final status: طابور خفيف @ http://localhost:5173/app.js:340
[  447184ms] [INFO] [Status] محطة المشاط | activeDevices: 0 | final status: طابور خفيف @ http://localhost:5173/app.js:340
[  447184ms] [INFO] [Status] محطة وقود غير مسماة - node/8014161288 | activeDevices: 0 | final status: طابور خفيف @ http://localhost:5173/app.js:340
[  447184ms] [INFO] [Status] محطة وقود المبدع | activeDevices: 0 | final status: طابور خفيف @ http://localhost:5173/app.js:340
[  447184ms] [INFO] [Status] محطة وقود | activeDevices: 0 | final status: طابور خفيف @ http://localhost:5173/app.js:340
[  447184ms] [INFO] [Home] total stations loaded: 114, rendered station count: 22, best station found: yes @ http://localhost:5173/app.js:382
[  485514ms] [INFO] [Repository] Presence fetch succeeded. Active rows: 0. @ http://localhost:5173/repository.mjs:186
[  485515ms] [INFO] [Status] محطة وقود الهاني | activeDevices: 0 | final status: طابور خفيف @ http://localhost:5173/app.js:340
[  485515ms] [INFO] [Status] مستودع الغاز الهاني | activeDevices: 0 | final status: طابور خفيف @ http://localhost:5173/app.js:340
[  485515ms] [INFO] [Status] محطة وقود | activeDevices: 0 | final status: طابور خفيف @ http://localhost:5173/app.js:340
[  485515ms] [INFO] [Status] محطة وقود | activeDevices: 0 | final status: طابور خفيف @ http://localhost:5173/app.js:340
[  485515ms] [INFO] [Status] محطة وقود | activeDevices: 0 | final status: طابور خفيف @ http://localhost:5173/app.js:340
[  485515ms] [INFO] [Status] Oilibya | activeDevices: 0 | final status: طابور خفيف @ http://localhost:5173/app.js:340
[  485515ms] [INFO] [Status] موزع غاز الطهي | activeDevices: 0 | final status: طابور خفيف @ http://localhost:5173/app.js:340
[  485515ms] [INFO] [Status] موزع غاز | activeDevices: 0 | final status: طابور خفيف @ http://localhost:5173/app.js:340
[  485515ms] [INFO] [Status] شركة البريقة لتسويق النفط مستودع الهاني | activeDevices: 0 | final status: طابور خفيف @ http://localhost:5173/app.js:340
[  485515ms] [INFO] [Status] محطة وقود ابوستة | activeDevices: 0 | final status: طابور خفيف @ http://localhost:5173/app.js:340
[  485515ms] [INFO] [Status] محطة وقود الشرارة | activeDevices: 0 | final status: طابور خفيف @ http://localhost:5173/app.js:340
[  485515ms] [INFO] [Status] محطة وقود بن عاشور | activeDevices: 0 | final status: طابور خفيف @ http://localhost:5173/app.js:340
[  485515ms] [INFO] [Status] محطة وقود زاوية الدهماني | activeDevices: 0 | final status: طابور خفيف @ http://localhost:5173/app.js:340
[  485515ms] [INFO] [Status] محطة زاوية الدهماني للوقود | activeDevices: 0 | final status: طابور خفيف @ http://localhost:5173/app.js:340
[  485515ms] [INFO] [Status] Oilibya | activeDevices: 0 | final status: طابور خفيف @ http://localhost:5173/app.js:340
[  485515ms] [INFO] [Status] محطة وقود باب بن غشير | activeDevices: 0 | final status: طابور خفيف @ http://localhost:5173/app.js:340
[  485515ms] [INFO] [Status] محطة وقود | activeDevices: 0 | final status: طابور خفيف @ http://localhost:5173/app.js:340
[  485515ms] [INFO] [Status] محطة وقود الشرقية | activeDevices: 0 | final status: طابور خفيف @ http://localhost:5173/app.js:340
[  485515ms] [INFO] [Status] محطة وقود عرادة | activeDevices: 0 | final status: طابور خفيف @ http://localhost:5173/app.js:340
[  485515ms] [INFO] [Status] محطة وقود | activeDevices: 0 | final status: طابور خفيف @ http://localhost:5173/app.js:340
[  485516ms] [INFO] [Status] محطة وقود الهضبة | activeDevices: 0 | final status: طابور خفيف @ http://localhost:5173/app.js:340
[  485516ms] [INFO] [Status] محطة وقود غير مسماة - node/10051127673 | activeDevices: 0 | final status: طابور خفيف @ http://localhost:5173/app.js:340
[  485516ms] [INFO] [Status] محطة وقود | activeDevices: 0 | final status: طابور خفيف @ http://localhost:5173/app.js:340
[  485516ms] [INFO] [Status] محطة وقود شارع الصريم | activeDevices: 0 | final status: طابور خفيف @ http://localhost:5173/app.js:340
[  485516ms] [INFO] [Status] محطة وقود بركة | activeDevices: 0 | final status: طابور خفيف @ http://localhost:5173/app.js:340
[  485516ms] [INFO] [Status] محطة وقود | activeDevices: 0 | final status: طابور خفيف @ http://localhost:5173/app.js:340
[  485516ms] [INFO] [Status] محطة وقود الفلاح | activeDevices: 0 | final status: طابور خفيف @ http://localhost:5173/app.js:340
[  485516ms] [INFO] [Status] محطة وقود المنصورة | activeDevices: 0 | final status: طابور خفيف @ http://localhost:5173/app.js:340
[  485516ms] [INFO] [Status] محطة وقود أبوسليم | activeDevices: 0 | final status: طابور خفيف @ http://localhost:5173/app.js:340
[  485516ms] [INFO] [Status] محطة وقود السدرة -الراحلة | activeDevices: 0 | final status: طابور خفيف @ http://localhost:5173/app.js:340
[  485516ms] [INFO] [Status] محطة وقود | activeDevices: 0 | final status: طابور خفيف @ http://localhost:5173/app.js:340
[  485516ms] [INFO] [Status] محطة وقود طريق المشتل | activeDevices: 0 | final status: طابور خفيف @ http://localhost:5173/app.js:340
[  485516ms] [INFO] [Status] محطة وقود الراحلة | activeDevices: 0 | final status: عالبومبة طول @ http://localhost:5173/app.js:340
[  485516ms] [INFO] [Status] محطة وقود | activeDevices: 0 | final status: طابور خفيف @ http://localhost:5173/app.js:340
[  485516ms] [INFO] [Status] محطة وقود السويحلي | activeDevices: 0 | final status: طابور خفيف @ http://localhost:5173/app.js:340
[  485516ms] [INFO] [Status] محطة وقود الفلاح | activeDevices: 0 | final status: طابور خفيف @ http://localhost:5173/app.js:340
[  485516ms] [INFO] [Status] محطة وقود البيفي | activeDevices: 0 | final status: طابور خفيف @ http://localhost:5173/app.js:340
[  485516ms] [INFO] [Status] محطة وقود / برقان | activeDevices: 0 | final status: طابور خفيف @ http://localhost:5173/app.js:340
[  485516ms] [INFO] [Status] محطة وقود / الجبو | activeDevices: 0 | final status: طابور خفيف @ http://localhost:5173/app.js:340
[  485516ms] [INFO] [Status] محطة وقود | activeDevices: 0 | final status: طابور خفيف @ http://localhost:5173/app.js:340
[  485516ms] [INFO] [Status] محطة وقود الخبولي | activeDevices: 0 | final status: طابور خفيف @ http://localhost:5173/app.js:340
[  485516ms] [INFO] [Status] محطة وقود | activeDevices: 0 | final status: طابور خفيف @ http://localhost:5173/app.js:340
[  485516ms] [INFO] [Status] محطة وقود | activeDevices: 0 | final status: طابور خفيف @ http://localhost:5173/app.js:340
[  485516ms] [INFO] [Status] محطة وقود | activeDevices: 0 | final status: طابور خفيف @ http://localhost:5173/app.js:340
[  485516ms] [INFO] [Status] محطة وقود | activeDevices: 0 | final status: طابور خفيف @ http://localhost:5173/app.js:340
[  485516ms] [INFO] [Status] أويليبيا | activeDevices: 0 | final status: طابور خفيف @ http://localhost:5173/app.js:340
[  485516ms] [INFO] [Status] محطة وقود | activeDevices: 0 | final status: طابور خفيف @ http://localhost:5173/app.js:340
[  485516ms] [INFO] [Status] أويليبيا | activeDevices: 0 | final status: طابور خفيف @ http://localhost:5173/app.js:340
[  485517ms] [INFO] [Status] محطة توزيع غاز | activeDevices: 0 | final status: طابور خفيف @ http://localhost:5173/app.js:340
[  485517ms] [INFO] [Status] محطة وقود | activeDevices: 0 | final status: طابور خفيف @ http://localhost:5173/app.js:340
[  485517ms] [INFO] [Status] محطة وقود غير مسماة - node/12492729341 | activeDevices: 0 | final status: طابور خفيف @ http://localhost:5173/app.js:340
[  485517ms] [INFO] [Status] محطة وقود | activeDevices: 0 | final status: طابور خفيف @ http://localhost:5173/app.js:340
[  485517ms] [INFO] [Status] محطة وقود | activeDevices: 0 | final status: طابور خفيف @ http://localhost:5173/app.js:340
[  485517ms] [INFO] [Status] غاز بنبلي | activeDevices: 0 | final status: طابور خفيف @ http://localhost:5173/app.js:340
[  485517ms] [INFO] [Status] محطة وقود البوعيشي | activeDevices: 0 | final status: طابور خفيف @ http://localhost:5173/app.js:340
[  485517ms] [INFO] [Status] محطة وقود اسبان | activeDevices: 0 | final status: طابور خفيف @ http://localhost:5173/app.js:340
[  485517ms] [INFO] [Status] محطة وقود اسبان | activeDevices: 0 | final status: طابور خفيف @ http://localhost:5173/app.js:340
[  485517ms] [INFO] [Status] محطة وقود أحمد محمود | activeDevices: 0 | final status: طابور خفيف @ http://localhost:5173/app.js:340
[  485517ms] [INFO] [Status] محطة وقود المشري | activeDevices: 0 | final status: طابور خفيف @ http://localhost:5173/app.js:340
[  485517ms] [INFO] [Status] محطة وقود تاجواء الوسط | activeDevices: 0 | final status: طابور خفيف @ http://localhost:5173/app.js:340
[  485517ms] [INFO] [Status] محطة وقود | activeDevices: 0 | final status: طابور خفيف @ http://localhost:5173/app.js:340
[  485517ms] [INFO] [Status] محطة وقود | activeDevices: 0 | final status: طابور خفيف @ http://localhost:5173/app.js:340
[  485517ms] [INFO] [Status] محطة وقود الشعافي | activeDevices: 0 | final status: طابور خفيف @ http://localhost:5173/app.js:340
[  485517ms] [INFO] [Status] محطة وقود السويحلي | activeDevices: 0 | final status: مسكر @ http://localhost:5173/app.js:340
[  485517ms] [INFO] [Status] محطة وقود | activeDevices: 0 | final status: طابور خفيف @ http://localhost:5173/app.js:340
[  485517ms] [INFO] [Status] محطة وقود | activeDevices: 0 | final status: عالبومبة طول @ http://localhost:5173/app.js:340
[  485517ms] [INFO] [Status] محطة وقود | activeDevices: 0 | final status: طابور خفيف @ http://localhost:5173/app.js:340
[  485517ms] [INFO] [Status] محطة وقود غوط الشعال | activeDevices: 0 | final status: طابور خفيف @ http://localhost:5173/app.js:340
[  485517ms] [INFO] [Status] محطة وقود | activeDevices: 0 | final status: طابور خفيف @ http://localhost:5173/app.js:340
[  485517ms] [INFO] [Status] محطة ابو نواس | activeDevices: 0 | final status: طابور خفيف @ http://localhost:5173/app.js:340
[  485517ms] [INFO] [Status] محطة وقود بير | activeDevices: 0 | final status: طابور خفيف @ http://localhost:5173/app.js:340
[  485517ms] [INFO] [Status] محطة وقود ابونواس | activeDevices: 0 | final status: طابور خفيف @ http://localhost:5173/app.js:340
[  485517ms] [INFO] [Status] محطة وقود القاضي | activeDevices: 0 | final status: طابور خفيف @ http://localhost:5173/app.js:340
[  485517ms] [INFO] [Status] محطة وقود | activeDevices: 0 | final status: طابور خفيف @ http://localhost:5173/app.js:340
[  485517ms] [INFO] [Status] محطة وقود | activeDevices: 0 | final status: طابور خفيف @ http://localhost:5173/app.js:340
[  485517ms] [INFO] [Status] محطة وقود غير مسماة - way/569303812 | activeDevices: 0 | final status: طابور خفيف @ http://localhost:5173/app.js:340
[  485517ms] [INFO] [Status] Oilibya | activeDevices: 0 | final status: طابور خفيف @ http://localhost:5173/app.js:340
[  485517ms] [INFO] [Status] محطة وقود الضواحي ⛽ | activeDevices: 0 | final status: طابور خفيف @ http://localhost:5173/app.js:340
[  485517ms] [INFO] [Status] محطة وقود | activeDevices: 0 | final status: طابور خفيف @ http://localhost:5173/app.js:340
[  485517ms] [INFO] [Status] محطة وقود / شيل الرقبة | activeDevices: 0 | final status: طابور خفيف @ http://localhost:5173/app.js:340
[  485517ms] [INFO] [Status] محطة وقود | activeDevices: 0 | final status: طابور خفيف @ http://localhost:5173/app.js:340
[  485517ms] [INFO] [Status] موزع غاز حكومي | activeDevices: 0 | final status: طابور خفيف @ http://localhost:5173/app.js:340
[  485518ms] [INFO] [Status] محطة وقود | activeDevices: 0 | final status: طابور خفيف @ http://localhost:5173/app.js:340
[  485518ms] [INFO] [Status] محطة وقود بن غرسة | activeDevices: 0 | final status: طابور خفيف @ http://localhost:5173/app.js:340
[  485518ms] [INFO] [Status] محطة وقود | activeDevices: 0 | final status: طابور خفيف @ http://localhost:5173/app.js:340
[  485518ms] [INFO] [Status] تحت الانشاء | activeDevices: 0 | final status: طابور خفيف @ http://localhost:5173/app.js:340
[  485518ms] [INFO] [Status] محطة وقود | activeDevices: 0 | final status: طابور خفيف @ http://localhost:5173/app.js:340
[  485518ms] [INFO] [Status] محطة وقود السلامة | activeDevices: 0 | final status: طابور خفيف @ http://localhost:5173/app.js:340
[  485518ms] [INFO] [Status] محطة وقود | activeDevices: 0 | final status: طابور خفيف @ http://localhost:5173/app.js:340
[  485518ms] [INFO] [Status] محطة وقود | activeDevices: 0 | final status: طابور خفيف @ http://localhost:5173/app.js:340
[  485518ms] [INFO] [Status] محطة وقود غير مسماة - way/569420777 | activeDevices: 0 | final status: زحمة @ http://localhost:5173/app.js:340
[  485518ms] [INFO] [Status] محطة وقود الحبايبية | activeDevices: 0 | final status: عالبومبة طول @ http://localhost:5173/app.js:340
[  485518ms] [INFO] [Status] محطة وقود الرحمة | activeDevices: 0 | final status: طابور خفيف @ http://localhost:5173/app.js:340
[  485518ms] [INFO] [Status] محطة وقود | activeDevices: 0 | final status: طابور خفيف @ http://localhost:5173/app.js:340
[  485518ms] [INFO] [Status] محطة وقود السراج | activeDevices: 0 | final status: طابور خفيف @ http://localhost:5173/app.js:340
[  485518ms] [INFO] [Status] محطة وقود | activeDevices: 0 | final status: طابور خفيف @ http://localhost:5173/app.js:340
[  485518ms] [INFO] [Status] محطه شركة السلام - ليبيا نفط | activeDevices: 0 | final status: طابور خفيف @ http://localhost:5173/app.js:340
[  485518ms] [INFO] [Status] محطة وقود | activeDevices: 0 | final status: طابور خفيف @ http://localhost:5173/app.js:340
[  485518ms] [INFO] [Status] محطة وقود فتروش | activeDevices: 0 | final status: طابور خفيف @ http://localhost:5173/app.js:340
[  485518ms] [INFO] [Status] محطة وقود غير مسماة - way/875267927 | activeDevices: 0 | final status: طابور خفيف @ http://localhost:5173/app.js:340
[  485518ms] [INFO] [Status] محطة وقود بير العالم | activeDevices: 0 | final status: طابور خفيف @ http://localhost:5173/app.js:340
[  485518ms] [INFO] [Status] محطة وقود كرواط | activeDevices: 0 | final status: طابور خفيف @ http://localhost:5173/app.js:340
[  485518ms] [INFO] [Status] محطة وقود | activeDevices: 0 | final status: طابور خفيف @ http://localhost:5173/app.js:340
[  485518ms] [INFO] [Status] محطة وقود | activeDevices: 0 | final status: طابور خفيف @ http://localhost:5173/app.js:340
[  485518ms] [INFO] [Status] محطة وقود بير العالم | activeDevices: 0 | final status: طابور خفيف @ http://localhost:5173/app.js:340
[  485518ms] [INFO] [Status] محطة وقود المقرحي | activeDevices: 0 | final status: طابور خفيف @ http://localhost:5173/app.js:340
[  485518ms] [INFO] [Status] محطة وقود المقرحي | activeDevices: 0 | final status: طابور خفيف @ http://localhost:5173/app.js:340
[  485518ms] [INFO] [Status] محطة وقود الضبيع | activeDevices: 0 | final status: طابور خفيف @ http://localhost:5173/app.js:340
[  485518ms] [INFO] [Status] محطة وقود | activeDevices: 0 | final status: طابور خفيف @ http://localhost:5173/app.js:340
[  485518ms] [INFO] [Status] محطة وقود الشرارة | activeDevices: 0 | final status: طابور خفيف @ http://localhost:5173/app.js:340
[  485518ms] [INFO] [Status] محطة المشاط | activeDevices: 0 | final status: طابور خفيف @ http://localhost:5173/app.js:340
[  485518ms] [INFO] [Status] محطة وقود غير مسماة - node/8014161288 | activeDevices: 0 | final status: طابور خفيف @ http://localhost:5173/app.js:340
[  485518ms] [INFO] [Status] محطة وقود المبدع | activeDevices: 0 | final status: طابور خفيف @ http://localhost:5173/app.js:340
[  485518ms] [INFO] [Status] محطة وقود | activeDevices: 0 | final status: طابور خفيف @ http://localhost:5173/app.js:340
[  485519ms] [INFO] [Home] total stations loaded: 114, rendered station count: 22, best station found: yes @ http://localhost:5173/app.js:382
[  501555ms] [INFO] [Status] محطة وقود الهاني | activeDevices: 0 | final status: طابور خفيف @ http://localhost:5173/app.js:340
[  501555ms] [INFO] [Status] مستودع الغاز الهاني | activeDevices: 0 | final status: طابور خفيف @ http://localhost:5173/app.js:340
[  501555ms] [INFO] [Status] محطة وقود | activeDevices: 0 | final status: طابور خفيف @ http://localhost:5173/app.js:340
[  501555ms] [INFO] [Status] محطة وقود | activeDevices: 0 | final status: طابور خفيف @ http://localhost:5173/app.js:340
[  501555ms] [INFO] [Status] محطة وقود | activeDevices: 0 | final status: طابور خفيف @ http://localhost:5173/app.js:340
[  501555ms] [INFO] [Status] Oilibya | activeDevices: 0 | final status: طابور خفيف @ http://localhost:5173/app.js:340
[  501555ms] [INFO] [Status] موزع غاز الطهي | activeDevices: 0 | final status: طابور خفيف @ http://localhost:5173/app.js:340
[  501555ms] [INFO] [Status] موزع غاز | activeDevices: 0 | final status: طابور خفيف @ http://localhost:5173/app.js:340
[  501555ms] [INFO] [Status] شركة البريقة لتسويق النفط مستودع الهاني | activeDevices: 0 | final status: طابور خفيف @ http://localhost:5173/app.js:340
[  501555ms] [INFO] [Status] محطة وقود ابوستة | activeDevices: 0 | final status: طابور خفيف @ http://localhost:5173/app.js:340
[  501555ms] [INFO] [Status] محطة وقود الشرارة | activeDevices: 0 | final status: طابور خفيف @ http://localhost:5173/app.js:340
[  501555ms] [INFO] [Status] محطة وقود بن عاشور | activeDevices: 0 | final status: طابور خفيف @ http://localhost:5173/app.js:340
[  501555ms] [INFO] [Status] محطة وقود زاوية الدهماني | activeDevices: 0 | final status: طابور خفيف @ http://localhost:5173/app.js:340
[  501556ms] [INFO] [Status] محطة زاوية الدهماني للوقود | activeDevices: 0 | final status: طابور خفيف @ http://localhost:5173/app.js:340
[  501556ms] [INFO] [Status] Oilibya | activeDevices: 0 | final status: طابور خفيف @ http://localhost:5173/app.js:340
[  501556ms] [INFO] [Status] محطة وقود باب بن غشير | activeDevices: 0 | final status: طابور خفيف @ http://localhost:5173/app.js:340
[  501556ms] [INFO] [Status] محطة وقود | activeDevices: 0 | final status: طابور خفيف @ http://localhost:5173/app.js:340
[  501556ms] [INFO] [Status] محطة وقود الشرقية | activeDevices: 0 | final status: طابور خفيف @ http://localhost:5173/app.js:340
[  501556ms] [INFO] [Status] محطة وقود عرادة | activeDevices: 0 | final status: طابور خفيف @ http://localhost:5173/app.js:340
[  501556ms] [INFO] [Status] محطة وقود | activeDevices: 0 | final status: طابور خفيف @ http://localhost:5173/app.js:340
[  501556ms] [INFO] [Status] محطة وقود الهضبة | activeDevices: 0 | final status: طابور خفيف @ http://localhost:5173/app.js:340
[  501556ms] [INFO] [Status] محطة وقود غير مسماة - node/10051127673 | activeDevices: 0 | final status: طابور خفيف @ http://localhost:5173/app.js:340
[  501556ms] [INFO] [Status] محطة وقود | activeDevices: 0 | final status: طابور خفيف @ http://localhost:5173/app.js:340
[  501556ms] [INFO] [Status] محطة وقود شارع الصريم | activeDevices: 0 | final status: طابور خفيف @ http://localhost:5173/app.js:340
[  501556ms] [INFO] [Status] محطة وقود بركة | activeDevices: 0 | final status: طابور خفيف @ http://localhost:5173/app.js:340
[  501556ms] [INFO] [Status] محطة وقود | activeDevices: 0 | final status: طابور خفيف @ http://localhost:5173/app.js:340
[  501556ms] [INFO] [Status] محطة وقود الفلاح | activeDevices: 0 | final status: طابور خفيف @ http://localhost:5173/app.js:340
[  501556ms] [INFO] [Status] محطة وقود المنصورة | activeDevices: 0 | final status: طابور خفيف @ http://localhost:5173/app.js:340
[  501556ms] [INFO] [Status] محطة وقود أبوسليم | activeDevices: 0 | final status: طابور خفيف @ http://localhost:5173/app.js:340
[  501556ms] [INFO] [Status] محطة وقود السدرة -الراحلة | activeDevices: 0 | final status: طابور خفيف @ http://localhost:5173/app.js:340
[  501556ms] [INFO] [Status] محطة وقود | activeDevices: 0 | final status: طابور خفيف @ http://localhost:5173/app.js:340
[  501556ms] [INFO] [Status] محطة وقود طريق المشتل | activeDevices: 0 | final status: طابور خفيف @ http://localhost:5173/app.js:340
[  501556ms] [INFO] [Status] محطة وقود الراحلة | activeDevices: 0 | final status: عالبومبة طول @ http://localhost:5173/app.js:340
[  501556ms] [INFO] [Status] محطة وقود | activeDevices: 0 | final status: طابور خفيف @ http://localhost:5173/app.js:340
[  501556ms] [INFO] [Status] محطة وقود السويحلي | activeDevices: 0 | final status: طابور خفيف @ http://localhost:5173/app.js:340
[  501556ms] [INFO] [Status] محطة وقود الفلاح | activeDevices: 0 | final status: طابور خفيف @ http://localhost:5173/app.js:340
[  501556ms] [INFO] [Status] محطة وقود البيفي | activeDevices: 0 | final status: طابور خفيف @ http://localhost:5173/app.js:340
[  501556ms] [INFO] [Status] محطة وقود / برقان | activeDevices: 0 | final status: طابور خفيف @ http://localhost:5173/app.js:340
[  501556ms] [INFO] [Status] محطة وقود / الجبو | activeDevices: 0 | final status: طابور خفيف @ http://localhost:5173/app.js:340
[  501556ms] [INFO] [Status] محطة وقود | activeDevices: 0 | final status: طابور خفيف @ http://localhost:5173/app.js:340
[  501556ms] [INFO] [Status] محطة وقود الخبولي | activeDevices: 0 | final status: طابور خفيف @ http://localhost:5173/app.js:340
[  501556ms] [INFO] [Status] محطة وقود | activeDevices: 0 | final status: طابور خفيف @ http://localhost:5173/app.js:340
[  501556ms] [INFO] [Status] محطة وقود | activeDevices: 0 | final status: طابور خفيف @ http://localhost:5173/app.js:340
[  501557ms] [INFO] [Status] محطة وقود | activeDevices: 0 | final status: طابور خفيف @ http://localhost:5173/app.js:340
[  501557ms] [INFO] [Status] محطة وقود | activeDevices: 0 | final status: طابور خفيف @ http://localhost:5173/app.js:340
[  501557ms] [INFO] [Status] أويليبيا | activeDevices: 0 | final status: طابور خفيف @ http://localhost:5173/app.js:340
[  501557ms] [INFO] [Status] محطة وقود | activeDevices: 0 | final status: طابور خفيف @ http://localhost:5173/app.js:340
[  501557ms] [INFO] [Status] أويليبيا | activeDevices: 0 | final status: طابور خفيف @ http://localhost:5173/app.js:340
[  501557ms] [INFO] [Status] محطة توزيع غاز | activeDevices: 0 | final status: طابور خفيف @ http://localhost:5173/app.js:340
[  501557ms] [INFO] [Status] محطة وقود | activeDevices: 0 | final status: طابور خفيف @ http://localhost:5173/app.js:340
[  501557ms] [INFO] [Status] محطة وقود غير مسماة - node/12492729341 | activeDevices: 0 | final status: طابور خفيف @ http://localhost:5173/app.js:340
[  501557ms] [INFO] [Status] محطة وقود | activeDevices: 0 | final status: طابور خفيف @ http://localhost:5173/app.js:340
[  501557ms] [INFO] [Status] محطة وقود | activeDevices: 0 | final status: طابور خفيف @ http://localhost:5173/app.js:340
[  501557ms] [INFO] [Status] غاز بنبلي | activeDevices: 0 | final status: طابور خفيف @ http://localhost:5173/app.js:340
[  501557ms] [INFO] [Status] محطة وقود البوعيشي | activeDevices: 0 | final status: طابور خفيف @ http://localhost:5173/app.js:340
[  501557ms] [INFO] [Status] محطة وقود اسبان | activeDevices: 0 | final status: طابور خفيف @ http://localhost:5173/app.js:340
[  501557ms] [INFO] [Status] محطة وقود اسبان | activeDevices: 0 | final status: طابور خفيف @ http://localhost:5173/app.js:340
[  501557ms] [INFO] [Status] محطة وقود أحمد محمود | activeDevices: 0 | final status: طابور خفيف @ http://localhost:5173/app.js:340
[  501557ms] [INFO] [Status] محطة وقود المشري | activeDevices: 0 | final status: طابور خفيف @ http://localhost:5173/app.js:340
[  501557ms] [INFO] [Status] محطة وقود تاجواء الوسط | activeDevices: 0 | final status: طابور خفيف @ http://localhost:5173/app.js:340
[  501557ms] [INFO] [Status] محطة وقود | activeDevices: 0 | final status: طابور خفيف @ http://localhost:5173/app.js:340
[  501557ms] [INFO] [Status] محطة وقود | activeDevices: 0 | final status: طابور خفيف @ http://localhost:5173/app.js:340
[  501557ms] [INFO] [Status] محطة وقود الشعافي | activeDevices: 0 | final status: طابور خفيف @ http://localhost:5173/app.js:340
[  501557ms] [INFO] [Status] محطة وقود السويحلي | activeDevices: 0 | final status: مسكر @ http://localhost:5173/app.js:340
[  501557ms] [INFO] [Status] محطة وقود | activeDevices: 0 | final status: طابور خفيف @ http://localhost:5173/app.js:340
[  501557ms] [INFO] [Status] محطة وقود | activeDevices: 0 | final status: عالبومبة طول @ http://localhost:5173/app.js:340
[  501557ms] [INFO] [Status] محطة وقود | activeDevices: 0 | final status: طابور خفيف @ http://localhost:5173/app.js:340
[  501557ms] [INFO] [Status] محطة وقود غوط الشعال | activeDevices: 0 | final status: طابور خفيف @ http://localhost:5173/app.js:340
[  501557ms] [INFO] [Status] محطة وقود | activeDevices: 0 | final status: طابور خفيف @ http://localhost:5173/app.js:340
[  501557ms] [INFO] [Status] محطة ابو نواس | activeDevices: 0 | final status: طابور خفيف @ http://localhost:5173/app.js:340
[  501558ms] [INFO] [Status] محطة وقود بير | activeDevices: 0 | final status: طابور خفيف @ http://localhost:5173/app.js:340
[  501558ms] [INFO] [Status] محطة وقود ابونواس | activeDevices: 0 | final status: طابور خفيف @ http://localhost:5173/app.js:340
[  501558ms] [INFO] [Status] محطة وقود القاضي | activeDevices: 0 | final status: طابور خفيف @ http://localhost:5173/app.js:340
[  501558ms] [INFO] [Status] محطة وقود | activeDevices: 0 | final status: طابور خفيف @ http://localhost:5173/app.js:340
[  501558ms] [INFO] [Status] محطة وقود | activeDevices: 0 | final status: طابور خفيف @ http://localhost:5173/app.js:340
[  501558ms] [INFO] [Status] محطة وقود غير مسماة - way/569303812 | activeDevices: 0 | final status: طابور خفيف @ http://localhost:5173/app.js:340
[  501558ms] [INFO] [Status] Oilibya | activeDevices: 0 | final status: طابور خفيف @ http://localhost:5173/app.js:340
[  501558ms] [INFO] [Status] محطة وقود الضواحي ⛽ | activeDevices: 0 | final status: طابور خفيف @ http://localhost:5173/app.js:340
[  501558ms] [INFO] [Status] محطة وقود | activeDevices: 0 | final status: طابور خفيف @ http://localhost:5173/app.js:340
[  501558ms] [INFO] [Status] محطة وقود / شيل الرقبة | activeDevices: 0 | final status: طابور خفيف @ http://localhost:5173/app.js:340
[  501558ms] [INFO] [Status] محطة وقود | activeDevices: 0 | final status: طابور خفيف @ http://localhost:5173/app.js:340
[  501558ms] [INFO] [Status] موزع غاز حكومي | activeDevices: 0 | final status: طابور خفيف @ http://localhost:5173/app.js:340
[  501558ms] [INFO] [Status] محطة وقود | activeDevices: 0 | final status: طابور خفيف @ http://localhost:5173/app.js:340
[  501558ms] [INFO] [Status] محطة وقود بن غرسة | activeDevices: 0 | final status: طابور خفيف @ http://localhost:5173/app.js:340
[  501558ms] [INFO] [Status] محطة وقود | activeDevices: 0 | final status: طابور خفيف @ http://localhost:5173/app.js:340
[  501558ms] [INFO] [Status] تحت الانشاء | activeDevices: 0 | final status: طابور خفيف @ http://localhost:5173/app.js:340
[  501558ms] [INFO] [Status] محطة وقود | activeDevices: 0 | final status: طابور خفيف @ http://localhost:5173/app.js:340
[  501558ms] [INFO] [Status] محطة وقود السلامة | activeDevices: 0 | final status: زحمة @ http://localhost:5173/app.js:340
[  501558ms] [INFO] [Status] محطة وقود | activeDevices: 0 | final status: طابور خفيف @ http://localhost:5173/app.js:340
[  501558ms] [INFO] [Status] محطة وقود | activeDevices: 0 | final status: طابور خفيف @ http://localhost:5173/app.js:340
[  501558ms] [INFO] [Status] محطة وقود غير مسماة - way/569420777 | activeDevices: 0 | final status: زحمة @ http://localhost:5173/app.js:340
[  501558ms] [INFO] [Status] محطة وقود الحبايبية | activeDevices: 0 | final status: عالبومبة طول @ http://localhost:5173/app.js:340
[  501558ms] [INFO] [Status] محطة وقود الرحمة | activeDevices: 0 | final status: طابور خفيف @ http://localhost:5173/app.js:340
[  501558ms] [INFO] [Status] محطة وقود | activeDevices: 0 | final status: طابور خفيف @ http://localhost:5173/app.js:340
[  501558ms] [INFO] [Status] محطة وقود السراج | activeDevices: 0 | final status: طابور خفيف @ http://localhost:5173/app.js:340
[  501559ms] [INFO] [Status] محطة وقود | activeDevices: 0 | final status: طابور خفيف @ http://localhost:5173/app.js:340
[  501559ms] [INFO] [Status] محطه شركة السلام - ليبيا نفط | activeDevices: 0 | final status: طابور خفيف @ http://localhost:5173/app.js:340
[  501559ms] [INFO] [Status] محطة وقود | activeDevices: 0 | final status: طابور خفيف @ http://localhost:5173/app.js:340
[  501559ms] [INFO] [Status] محطة وقود فتروش | activeDevices: 0 | final status: طابور خفيف @ http://localhost:5173/app.js:340
[  501559ms] [INFO] [Status] محطة وقود غير مسماة - way/875267927 | activeDevices: 0 | final status: طابور خفيف @ http://localhost:5173/app.js:340
[  501559ms] [INFO] [Status] محطة وقود بير العالم | activeDevices: 0 | final status: طابور خفيف @ http://localhost:5173/app.js:340
[  501559ms] [INFO] [Status] محطة وقود كرواط | activeDevices: 0 | final status: طابور خفيف @ http://localhost:5173/app.js:340
[  501559ms] [INFO] [Status] محطة وقود | activeDevices: 0 | final status: طابور خفيف @ http://localhost:5173/app.js:340
[  501559ms] [INFO] [Status] محطة وقود | activeDevices: 0 | final status: طابور خفيف @ http://localhost:5173/app.js:340
[  501559ms] [INFO] [Status] محطة وقود بير العالم | activeDevices: 0 | final status: طابور خفيف @ http://localhost:5173/app.js:340
[  501559ms] [INFO] [Status] محطة وقود المقرحي | activeDevices: 0 | final status: طابور خفيف @ http://localhost:5173/app.js:340
[  501559ms] [INFO] [Status] محطة وقود المقرحي | activeDevices: 0 | final status: طابور خفيف @ http://localhost:5173/app.js:340
[  501559ms] [INFO] [Status] محطة وقود الضبيع | activeDevices: 0 | final status: طابور خفيف @ http://localhost:5173/app.js:340
[  501559ms] [INFO] [Status] محطة وقود | activeDevices: 0 | final status: طابور خفيف @ http://localhost:5173/app.js:340
[  501559ms] [INFO] [Status] محطة وقود الشرارة | activeDevices: 0 | final status: طابور خفيف @ http://localhost:5173/app.js:340
[  501559ms] [INFO] [Status] محطة المشاط | activeDevices: 0 | final status: طابور خفيف @ http://localhost:5173/app.js:340
[  501559ms] [INFO] [Status] محطة وقود غير مسماة - node/8014161288 | activeDevices: 0 | final status: طابور خفيف @ http://localhost:5173/app.js:340
[  501559ms] [INFO] [Status] محطة وقود المبدع | activeDevices: 0 | final status: طابور خفيف @ http://localhost:5173/app.js:340
[  501559ms] [INFO] [Status] محطة وقود | activeDevices: 0 | final status: طابور خفيف @ http://localhost:5173/app.js:340
[  501559ms] [INFO] [Home] total stations loaded: 114, rendered station count: 22, best station found: yes @ http://localhost:5173/app.js:382
[  540468ms] [INFO] [Status] محطة وقود الهاني | activeDevices: 0 | final status: طابور خفيف @ http://localhost:5173/app.js:340
[  540468ms] [INFO] [Status] مستودع الغاز الهاني | activeDevices: 0 | final status: طابور خفيف @ http://localhost:5173/app.js:340
[  540468ms] [INFO] [Status] محطة وقود | activeDevices: 0 | final status: طابور خفيف @ http://localhost:5173/app.js:340
[  540468ms] [INFO] [Status] محطة وقود | activeDevices: 0 | final status: طابور خفيف @ http://localhost:5173/app.js:340
[  540469ms] [INFO] [Status] محطة وقود | activeDevices: 0 | final status: طابور خفيف @ http://localhost:5173/app.js:340
[  540469ms] [INFO] [Status] Oilibya | activeDevices: 0 | final status: طابور خفيف @ http://localhost:5173/app.js:340
[  540469ms] [INFO] [Status] موزع غاز الطهي | activeDevices: 0 | final status: طابور خفيف @ http://localhost:5173/app.js:340
[  540469ms] [INFO] [Status] موزع غاز | activeDevices: 0 | final status: طابور خفيف @ http://localhost:5173/app.js:340
[  540469ms] [INFO] [Status] شركة البريقة لتسويق النفط مستودع الهاني | activeDevices: 0 | final status: طابور خفيف @ http://localhost:5173/app.js:340
[  540469ms] [INFO] [Status] محطة وقود ابوستة | activeDevices: 0 | final status: طابور خفيف @ http://localhost:5173/app.js:340
[  540469ms] [INFO] [Status] محطة وقود الشرارة | activeDevices: 0 | final status: طابور خفيف @ http://localhost:5173/app.js:340
[  540469ms] [INFO] [Status] محطة وقود بن عاشور | activeDevices: 0 | final status: زحمة @ http://localhost:5173/app.js:340
[  540469ms] [INFO] [Status] محطة وقود زاوية الدهماني | activeDevices: 0 | final status: طابور خفيف @ http://localhost:5173/app.js:340
[  540469ms] [INFO] [Status] محطة زاوية الدهماني للوقود | activeDevices: 0 | final status: طابور خفيف @ http://localhost:5173/app.js:340
[  540469ms] [INFO] [Status] Oilibya | activeDevices: 0 | final status: طابور خفيف @ http://localhost:5173/app.js:340
[  540470ms] [INFO] [Status] محطة وقود باب بن غشير | activeDevices: 0 | final status: طابور خفيف @ http://localhost:5173/app.js:340
[  540470ms] [INFO] [Status] محطة وقود | activeDevices: 0 | final status: طابور خفيف @ http://localhost:5173/app.js:340
[  540470ms] [INFO] [Status] محطة وقود الشرقية | activeDevices: 0 | final status: طابور خفيف @ http://localhost:5173/app.js:340
[  540470ms] [INFO] [Status] محطة وقود عرادة | activeDevices: 0 | final status: طابور خفيف @ http://localhost:5173/app.js:340
[  540470ms] [INFO] [Status] محطة وقود | activeDevices: 0 | final status: طابور خفيف @ http://localhost:5173/app.js:340
[  540470ms] [INFO] [Status] محطة وقود الهضبة | activeDevices: 0 | final status: طابور خفيف @ http://localhost:5173/app.js:340
[  540470ms] [INFO] [Status] محطة وقود غير مسماة - node/10051127673 | activeDevices: 0 | final status: طابور خفيف @ http://localhost:5173/app.js:340
[  540470ms] [INFO] [Status] محطة وقود | activeDevices: 0 | final status: طابور خفيف @ http://localhost:5173/app.js:340
[  540470ms] [INFO] [Status] محطة وقود شارع الصريم | activeDevices: 0 | final status: طابور خفيف @ http://localhost:5173/app.js:340
[  540470ms] [INFO] [Status] محطة وقود بركة | activeDevices: 0 | final status: طابور خفيف @ http://localhost:5173/app.js:340
[  540470ms] [INFO] [Status] محطة وقود | activeDevices: 0 | final status: طابور خفيف @ http://localhost:5173/app.js:340
[  540470ms] [INFO] [Status] محطة وقود الفلاح | activeDevices: 0 | final status: طابور خفيف @ http://localhost:5173/app.js:340
[  540470ms] [INFO] [Status] محطة وقود المنصورة | activeDevices: 0 | final status: طابور خفيف @ http://localhost:5173/app.js:340
[  540470ms] [INFO] [Status] محطة وقود أبوسليم | activeDevices: 0 | final status: طابور خفيف @ http://localhost:5173/app.js:340
[  540470ms] [INFO] [Status] محطة وقود السدرة -الراحلة | activeDevices: 0 | final status: طابور خفيف @ http://localhost:5173/app.js:340
[  540470ms] [INFO] [Status] محطة وقود | activeDevices: 0 | final status: طابور خفيف @ http://localhost:5173/app.js:340
[  540470ms] [INFO] [Status] محطة وقود طريق المشتل | activeDevices: 0 | final status: طابور خفيف @ http://localhost:5173/app.js:340
[  540470ms] [INFO] [Status] محطة وقود الراحلة | activeDevices: 0 | final status: عالبومبة طول @ http://localhost:5173/app.js:340
[  540470ms] [INFO] [Status] محطة وقود | activeDevices: 0 | final status: طابور خفيف @ http://localhost:5173/app.js:340
[  540470ms] [INFO] [Status] محطة وقود السويحلي | activeDevices: 0 | final status: طابور خفيف @ http://localhost:5173/app.js:340
[  540470ms] [INFO] [Status] محطة وقود الفلاح | activeDevices: 0 | final status: طابور خفيف @ http://localhost:5173/app.js:340
[  540470ms] [INFO] [Status] محطة وقود البيفي | activeDevices: 0 | final status: طابور خفيف @ http://localhost:5173/app.js:340
[  540470ms] [INFO] [Status] محطة وقود / برقان | activeDevices: 0 | final status: طابور خفيف @ http://localhost:5173/app.js:340
[  540470ms] [INFO] [Status] محطة وقود / الجبو | activeDevices: 0 | final status: طابور خفيف @ http://localhost:5173/app.js:340
[  540470ms] [INFO] [Status] محطة وقود | activeDevices: 0 | final status: طابور خفيف @ http://localhost:5173/app.js:340
[  540471ms] [INFO] [Status] محطة وقود الخبولي | activeDevices: 0 | final status: طابور خفيف @ http://localhost:5173/app.js:340
[  540471ms] [INFO] [Status] محطة وقود | activeDevices: 0 | final status: طابور خفيف @ http://localhost:5173/app.js:340
[  540471ms] [INFO] [Status] محطة وقود | activeDevices: 0 | final status: طابور خفيف @ http://localhost:5173/app.js:340
[  540471ms] [INFO] [Status] محطة وقود | activeDevices: 0 | final status: طابور خفيف @ http://localhost:5173/app.js:340
[  540471ms] [INFO] [Status] محطة وقود | activeDevices: 0 | final status: طابور خفيف @ http://localhost:5173/app.js:340
[  540471ms] [INFO] [Status] أويليبيا | activeDevices: 0 | final status: طابور خفيف @ http://localhost:5173/app.js:340
[  540471ms] [INFO] [Status] محطة وقود | activeDevices: 0 | final status: طابور خفيف @ http://localhost:5173/app.js:340
[  540471ms] [INFO] [Status] أويليبيا | activeDevices: 0 | final status: طابور خفيف @ http://localhost:5173/app.js:340
[  540471ms] [INFO] [Status] محطة توزيع غاز | activeDevices: 0 | final status: طابور خفيف @ http://localhost:5173/app.js:340
[  540471ms] [INFO] [Status] محطة وقود | activeDevices: 0 | final status: طابور خفيف @ http://localhost:5173/app.js:340
[  540471ms] [INFO] [Status] محطة وقود غير مسماة - node/12492729341 | activeDevices: 0 | final status: طابور خفيف @ http://localhost:5173/app.js:340
[  540471ms] [INFO] [Status] محطة وقود | activeDevices: 0 | final status: طابور خفيف @ http://localhost:5173/app.js:340
[  540471ms] [INFO] [Status] محطة وقود | activeDevices: 0 | final status: طابور خفيف @ http://localhost:5173/app.js:340
[  540471ms] [INFO] [Status] غاز بنبلي | activeDevices: 0 | final status: طابور خفيف @ http://localhost:5173/app.js:340
[  540471ms] [INFO] [Status] محطة وقود البوعيشي | activeDevices: 0 | final status: طابور خفيف @ http://localhost:5173/app.js:340
[  540471ms] [INFO] [Status] محطة وقود اسبان | activeDevices: 0 | final status: طابور خفيف @ http://localhost:5173/app.js:340
[  540471ms] [INFO] [Status] محطة وقود اسبان | activeDevices: 0 | final status: طابور خفيف @ http://localhost:5173/app.js:340
[  540471ms] [INFO] [Status] محطة وقود أحمد محمود | activeDevices: 0 | final status: طابور خفيف @ http://localhost:5173/app.js:340
[  540471ms] [INFO] [Status] محطة وقود المشري | activeDevices: 0 | final status: طابور خفيف @ http://localhost:5173/app.js:340
[  540471ms] [INFO] [Status] محطة وقود تاجواء الوسط | activeDevices: 0 | final status: طابور خفيف @ http://localhost:5173/app.js:340
[  540471ms] [INFO] [Status] محطة وقود | activeDevices: 0 | final status: طابور خفيف @ http://localhost:5173/app.js:340
[  540471ms] [INFO] [Status] محطة وقود | activeDevices: 0 | final status: طابور خفيف @ http://localhost:5173/app.js:340
[  540472ms] [INFO] [Status] محطة وقود الشعافي | activeDevices: 0 | final status: طابور خفيف @ http://localhost:5173/app.js:340
[  540472ms] [INFO] [Status] محطة وقود السويحلي | activeDevices: 0 | final status: مسكر @ http://localhost:5173/app.js:340
[  540472ms] [INFO] [Status] محطة وقود | activeDevices: 0 | final status: طابور خفيف @ http://localhost:5173/app.js:340
[  540472ms] [INFO] [Status] محطة وقود | activeDevices: 0 | final status: عالبومبة طول @ http://localhost:5173/app.js:340
[  540472ms] [INFO] [Status] محطة وقود | activeDevices: 0 | final status: طابور خفيف @ http://localhost:5173/app.js:340
[  540472ms] [INFO] [Status] محطة وقود غوط الشعال | activeDevices: 0 | final status: طابور خفيف @ http://localhost:5173/app.js:340
[  540472ms] [INFO] [Status] محطة وقود | activeDevices: 0 | final status: طابور خفيف @ http://localhost:5173/app.js:340
[  540472ms] [INFO] [Status] محطة ابو نواس | activeDevices: 0 | final status: طابور خفيف @ http://localhost:5173/app.js:340
[  540472ms] [INFO] [Status] محطة وقود بير | activeDevices: 0 | final status: طابور خفيف @ http://localhost:5173/app.js:340
[  540472ms] [INFO] [Status] محطة وقود ابونواس | activeDevices: 0 | final status: طابور خفيف @ http://localhost:5173/app.js:340
[  540472ms] [INFO] [Status] محطة وقود القاضي | activeDevices: 0 | final status: طابور خفيف @ http://localhost:5173/app.js:340
[  540472ms] [INFO] [Status] محطة وقود | activeDevices: 0 | final status: طابور خفيف @ http://localhost:5173/app.js:340
[  540472ms] [INFO] [Status] محطة وقود | activeDevices: 0 | final status: طابور خفيف @ http://localhost:5173/app.js:340
[  540472ms] [INFO] [Status] محطة وقود غير مسماة - way/569303812 | activeDevices: 0 | final status: طابور خفيف @ http://localhost:5173/app.js:340
[  540472ms] [INFO] [Status] Oilibya | activeDevices: 0 | final status: طابور خفيف @ http://localhost:5173/app.js:340
[  540472ms] [INFO] [Status] محطة وقود الضواحي ⛽ | activeDevices: 0 | final status: طابور خفيف @ http://localhost:5173/app.js:340
[  540472ms] [INFO] [Status] محطة وقود | activeDevices: 0 | final status: طابور خفيف @ http://localhost:5173/app.js:340
[  540472ms] [INFO] [Status] محطة وقود / شيل الرقبة | activeDevices: 0 | final status: طابور خفيف @ http://localhost:5173/app.js:340
[  540472ms] [INFO] [Status] محطة وقود | activeDevices: 0 | final status: طابور خفيف @ http://localhost:5173/app.js:340
[  540472ms] [INFO] [Status] موزع غاز حكومي | activeDevices: 0 | final status: طابور خفيف @ http://localhost:5173/app.js:340
[  540472ms] [INFO] [Status] محطة وقود | activeDevices: 0 | final status: طابور خفيف @ http://localhost:5173/app.js:340
[  540472ms] [INFO] [Status] محطة وقود بن غرسة | activeDevices: 0 | final status: طابور خفيف @ http://localhost:5173/app.js:340
[  540472ms] [INFO] [Status] محطة وقود | activeDevices: 0 | final status: طابور خفيف @ http://localhost:5173/app.js:340
[  540472ms] [INFO] [Status] تحت الانشاء | activeDevices: 0 | final status: طابور خفيف @ http://localhost:5173/app.js:340
[  540472ms] [INFO] [Status] محطة وقود | activeDevices: 0 | final status: طابور خفيف @ http://localhost:5173/app.js:340
[  540472ms] [INFO] [Status] محطة وقود السلامة | activeDevices: 0 | final status: زحمة @ http://localhost:5173/app.js:340
[  540472ms] [INFO] [Status] محطة وقود | activeDevices: 0 | final status: طابور خفيف @ http://localhost:5173/app.js:340
[  540472ms] [INFO] [Status] محطة وقود | activeDevices: 0 | final status: طابور خفيف @ http://localhost:5173/app.js:340
[  540472ms] [INFO] [Status] محطة وقود غير مسماة - way/569420777 | activeDevices: 0 | final status: زحمة @ http://localhost:5173/app.js:340
[  540472ms] [INFO] [Status] محطة وقود الحبايبية | activeDevices: 0 | final status: عالبومبة طول @ http://localhost:5173/app.js:340
[  540473ms] [INFO] [Status] محطة وقود الرحمة | activeDevices: 0 | final status: طابور خفيف @ http://localhost:5173/app.js:340
[  540473ms] [INFO] [Status] محطة وقود | activeDevices: 0 | final status: طابور خفيف @ http://localhost:5173/app.js:340
[  540473ms] [INFO] [Status] محطة وقود السراج | activeDevices: 0 | final status: طابور خفيف @ http://localhost:5173/app.js:340
[  540473ms] [INFO] [Status] محطة وقود | activeDevices: 0 | final status: طابور خفيف @ http://localhost:5173/app.js:340
[  540473ms] [INFO] [Status] محطه شركة السلام - ليبيا نفط | activeDevices: 0 | final status: طابور خفيف @ http://localhost:5173/app.js:340
[  540473ms] [INFO] [Status] محطة وقود | activeDevices: 0 | final status: طابور خفيف @ http://localhost:5173/app.js:340
[  540473ms] [INFO] [Status] محطة وقود فتروش | activeDevices: 0 | final status: طابور خفيف @ http://localhost:5173/app.js:340
[  540473ms] [INFO] [Status] محطة وقود غير مسماة - way/875267927 | activeDevices: 0 | final status: طابور خفيف @ http://localhost:5173/app.js:340
[  540473ms] [INFO] [Status] محطة وقود بير العالم | activeDevices: 0 | final status: طابور خفيف @ http://localhost:5173/app.js:340
[  540473ms] [INFO] [Status] محطة وقود كرواط | activeDevices: 0 | final status: طابور خفيف @ http://localhost:5173/app.js:340
[  540473ms] [INFO] [Status] محطة وقود | activeDevices: 0 | final status: طابور خفيف @ http://localhost:5173/app.js:340
[  540473ms] [INFO] [Status] محطة وقود | activeDevices: 0 | final status: طابور خفيف @ http://localhost:5173/app.js:340
[  540473ms] [INFO] [Status] محطة وقود بير العالم | activeDevices: 0 | final status: طابور خفيف @ http://localhost:5173/app.js:340
[  540473ms] [INFO] [Status] محطة وقود المقرحي | activeDevices: 0 | final status: طابور خفيف @ http://localhost:5173/app.js:340
[  540473ms] [INFO] [Status] محطة وقود المقرحي | activeDevices: 0 | final status: طابور خفيف @ http://localhost:5173/app.js:340
[  540473ms] [INFO] [Status] محطة وقود الضبيع | activeDevices: 0 | final status: طابور خفيف @ http://localhost:5173/app.js:340
[  540473ms] [INFO] [Status] محطة وقود | activeDevices: 0 | final status: طابور خفيف @ http://localhost:5173/app.js:340
[  540473ms] [INFO] [Status] محطة وقود الشرارة | activeDevices: 0 | final status: طابور خفيف @ http://localhost:5173/app.js:340
[  540473ms] [INFO] [Status] محطة المشاط | activeDevices: 0 | final status: طابور خفيف @ http://localhost:5173/app.js:340
[  540473ms] [INFO] [Status] محطة وقود غير مسماة - node/8014161288 | activeDevices: 0 | final status: طابور خفيف @ http://localhost:5173/app.js:340
[  540473ms] [INFO] [Status] محطة وقود المبدع | activeDevices: 0 | final status: طابور خفيف @ http://localhost:5173/app.js:340
[  540473ms] [INFO] [Status] محطة وقود | activeDevices: 0 | final status: طابور خفيف @ http://localhost:5173/app.js:340
[  540474ms] [INFO] [Home] total stations loaded: 114, rendered station count: 22, best station found: yes @ http://localhost:5173/app.js:382
[  545533ms] [INFO] [Repository] Presence fetch succeeded. Active rows: 0. @ http://localhost:5173/repository.mjs:186
[  545533ms] [INFO] [Status] محطة وقود الهاني | activeDevices: 0 | final status: طابور خفيف @ http://localhost:5173/app.js:340
[  545533ms] [INFO] [Status] مستودع الغاز الهاني | activeDevices: 0 | final status: طابور خفيف @ http://localhost:5173/app.js:340
[  545533ms] [INFO] [Status] محطة وقود | activeDevices: 0 | final status: طابور خفيف @ http://localhost:5173/app.js:340
[  545533ms] [INFO] [Status] محطة وقود | activeDevices: 0 | final status: طابور خفيف @ http://localhost:5173/app.js:340
[  545534ms] [INFO] [Status] محطة وقود | activeDevices: 0 | final status: طابور خفيف @ http://localhost:5173/app.js:340
[  545534ms] [INFO] [Status] Oilibya | activeDevices: 0 | final status: طابور خفيف @ http://localhost:5173/app.js:340
[  545534ms] [INFO] [Status] موزع غاز الطهي | activeDevices: 0 | final status: طابور خفيف @ http://localhost:5173/app.js:340
[  545534ms] [INFO] [Status] موزع غاز | activeDevices: 0 | final status: طابور خفيف @ http://localhost:5173/app.js:340
[  545534ms] [INFO] [Status] شركة البريقة لتسويق النفط مستودع الهاني | activeDevices: 0 | final status: طابور خفيف @ http://localhost:5173/app.js:340
[  545534ms] [INFO] [Status] محطة وقود ابوستة | activeDevices: 0 | final status: طابور خفيف @ http://localhost:5173/app.js:340
[  545534ms] [INFO] [Status] محطة وقود الشرارة | activeDevices: 0 | final status: طابور خفيف @ http://localhost:5173/app.js:340
[  545534ms] [INFO] [Status] محطة وقود بن عاشور | activeDevices: 0 | final status: زحمة @ http://localhost:5173/app.js:340
[  545534ms] [INFO] [Status] محطة وقود زاوية الدهماني | activeDevices: 0 | final status: طابور خفيف @ http://localhost:5173/app.js:340
[  545534ms] [INFO] [Status] محطة زاوية الدهماني للوقود | activeDevices: 0 | final status: طابور خفيف @ http://localhost:5173/app.js:340
[  545534ms] [INFO] [Status] Oilibya | activeDevices: 0 | final status: طابور خفيف @ http://localhost:5173/app.js:340
[  545534ms] [INFO] [Status] محطة وقود باب بن غشير | activeDevices: 0 | final status: طابور خفيف @ http://localhost:5173/app.js:340
[  545534ms] [INFO] [Status] محطة وقود | activeDevices: 0 | final status: طابور خفيف @ http://localhost:5173/app.js:340
[  545534ms] [INFO] [Status] محطة وقود الشرقية | activeDevices: 0 | final status: طابور خفيف @ http://localhost:5173/app.js:340
[  545534ms] [INFO] [Status] محطة وقود عرادة | activeDevices: 0 | final status: طابور خفيف @ http://localhost:5173/app.js:340
[  545534ms] [INFO] [Status] محطة وقود | activeDevices: 0 | final status: طابور خفيف @ http://localhost:5173/app.js:340
[  545534ms] [INFO] [Status] محطة وقود الهضبة | activeDevices: 0 | final status: طابور خفيف @ http://localhost:5173/app.js:340
[  545534ms] [INFO] [Status] محطة وقود غير مسماة - node/10051127673 | activeDevices: 0 | final status: طابور خفيف @ http://localhost:5173/app.js:340
[  545534ms] [INFO] [Status] محطة وقود | activeDevices: 0 | final status: طابور خفيف @ http://localhost:5173/app.js:340
[  545534ms] [INFO] [Status] محطة وقود شارع الصريم | activeDevices: 0 | final status: طابور خفيف @ http://localhost:5173/app.js:340
[  545534ms] [INFO] [Status] محطة وقود بركة | activeDevices: 0 | final status: طابور خفيف @ http://localhost:5173/app.js:340
[  545534ms] [INFO] [Status] محطة وقود | activeDevices: 0 | final status: طابور خفيف @ http://localhost:5173/app.js:340
[  545534ms] [INFO] [Status] محطة وقود الفلاح | activeDevices: 0 | final status: طابور خفيف @ http://localhost:5173/app.js:340
[  545534ms] [INFO] [Status] محطة وقود المنصورة | activeDevices: 0 | final status: طابور خفيف @ http://localhost:5173/app.js:340
[  545534ms] [INFO] [Status] محطة وقود أبوسليم | activeDevices: 0 | final status: طابور خفيف @ http://localhost:5173/app.js:340
[  545534ms] [INFO] [Status] محطة وقود السدرة -الراحلة | activeDevices: 0 | final status: طابور خفيف @ http://localhost:5173/app.js:340
[  545534ms] [INFO] [Status] محطة وقود | activeDevices: 0 | final status: طابور خفيف @ http://localhost:5173/app.js:340
[  545534ms] [INFO] [Status] محطة وقود طريق المشتل | activeDevices: 0 | final status: طابور خفيف @ http://localhost:5173/app.js:340
[  545534ms] [INFO] [Status] محطة وقود الراحلة | activeDevices: 0 | final status: عالبومبة طول @ http://localhost:5173/app.js:340
[  545534ms] [INFO] [Status] محطة وقود | activeDevices: 0 | final status: طابور خفيف @ http://localhost:5173/app.js:340
[  545534ms] [INFO] [Status] محطة وقود السويحلي | activeDevices: 0 | final status: طابور خفيف @ http://localhost:5173/app.js:340
[  545535ms] [INFO] [Status] محطة وقود الفلاح | activeDevices: 0 | final status: طابور خفيف @ http://localhost:5173/app.js:340
[  545535ms] [INFO] [Status] محطة وقود البيفي | activeDevices: 0 | final status: طابور خفيف @ http://localhost:5173/app.js:340
[  545535ms] [INFO] [Status] محطة وقود / برقان | activeDevices: 0 | final status: طابور خفيف @ http://localhost:5173/app.js:340
[  545535ms] [INFO] [Status] محطة وقود / الجبو | activeDevices: 0 | final status: طابور خفيف @ http://localhost:5173/app.js:340
[  545535ms] [INFO] [Status] محطة وقود | activeDevices: 0 | final status: طابور خفيف @ http://localhost:5173/app.js:340
[  545535ms] [INFO] [Status] محطة وقود الخبولي | activeDevices: 0 | final status: طابور خفيف @ http://localhost:5173/app.js:340
[  545535ms] [INFO] [Status] محطة وقود | activeDevices: 0 | final status: طابور خفيف @ http://localhost:5173/app.js:340
[  545535ms] [INFO] [Status] محطة وقود | activeDevices: 0 | final status: طابور خفيف @ http://localhost:5173/app.js:340
[  545535ms] [INFO] [Status] محطة وقود | activeDevices: 0 | final status: طابور خفيف @ http://localhost:5173/app.js:340
[  545535ms] [INFO] [Status] محطة وقود | activeDevices: 0 | final status: طابور خفيف @ http://localhost:5173/app.js:340
[  545535ms] [INFO] [Status] أويليبيا | activeDevices: 0 | final status: طابور خفيف @ http://localhost:5173/app.js:340
[  545535ms] [INFO] [Status] محطة وقود | activeDevices: 0 | final status: طابور خفيف @ http://localhost:5173/app.js:340
[  545535ms] [INFO] [Status] أويليبيا | activeDevices: 0 | final status: طابور خفيف @ http://localhost:5173/app.js:340
[  545535ms] [INFO] [Status] محطة توزيع غاز | activeDevices: 0 | final status: طابور خفيف @ http://localhost:5173/app.js:340
[  545535ms] [INFO] [Status] محطة وقود | activeDevices: 0 | final status: طابور خفيف @ http://localhost:5173/app.js:340
[  545535ms] [INFO] [Status] محطة وقود غير مسماة - node/12492729341 | activeDevices: 0 | final status: طابور خفيف @ http://localhost:5173/app.js:340
[  545535ms] [INFO] [Status] محطة وقود | activeDevices: 0 | final status: طابور خفيف @ http://localhost:5173/app.js:340
[  545535ms] [INFO] [Status] محطة وقود | activeDevices: 0 | final status: طابور خفيف @ http://localhost:5173/app.js:340
[  545535ms] [INFO] [Status] غاز بنبلي | activeDevices: 0 | final status: طابور خفيف @ http://localhost:5173/app.js:340
[  545535ms] [INFO] [Status] محطة وقود البوعيشي | activeDevices: 0 | final status: طابور خفيف @ http://localhost:5173/app.js:340
[  545535ms] [INFO] [Status] محطة وقود اسبان | activeDevices: 0 | final status: طابور خفيف @ http://localhost:5173/app.js:340
[  545535ms] [INFO] [Status] محطة وقود اسبان | activeDevices: 0 | final status: طابور خفيف @ http://localhost:5173/app.js:340
[  545535ms] [INFO] [Status] محطة وقود أحمد محمود | activeDevices: 0 | final status: طابور خفيف @ http://localhost:5173/app.js:340
[  545535ms] [INFO] [Status] محطة وقود المشري | activeDevices: 0 | final status: طابور خفيف @ http://localhost:5173/app.js:340
[  545535ms] [INFO] [Status] محطة وقود تاجواء الوسط | activeDevices: 0 | final status: طابور خفيف @ http://localhost:5173/app.js:340
[  545535ms] [INFO] [Status] محطة وقود | activeDevices: 0 | final status: طابور خفيف @ http://localhost:5173/app.js:340
[  545535ms] [INFO] [Status] محطة وقود | activeDevices: 0 | final status: طابور خفيف @ http://localhost:5173/app.js:340
[  545535ms] [INFO] [Status] محطة وقود الشعافي | activeDevices: 0 | final status: طابور خفيف @ http://localhost:5173/app.js:340
[  545535ms] [INFO] [Status] محطة وقود السويحلي | activeDevices: 0 | final status: مسكر @ http://localhost:5173/app.js:340
[  545536ms] [INFO] [Status] محطة وقود | activeDevices: 0 | final status: طابور خفيف @ http://localhost:5173/app.js:340
[  545536ms] [INFO] [Status] محطة وقود | activeDevices: 0 | final status: عالبومبة طول @ http://localhost:5173/app.js:340
[  545536ms] [INFO] [Status] محطة وقود | activeDevices: 0 | final status: طابور خفيف @ http://localhost:5173/app.js:340
[  545536ms] [INFO] [Status] محطة وقود غوط الشعال | activeDevices: 0 | final status: طابور خفيف @ http://localhost:5173/app.js:340
[  545536ms] [INFO] [Status] محطة وقود | activeDevices: 0 | final status: طابور خفيف @ http://localhost:5173/app.js:340
[  545536ms] [INFO] [Status] محطة ابو نواس | activeDevices: 0 | final status: طابور خفيف @ http://localhost:5173/app.js:340
[  545536ms] [INFO] [Status] محطة وقود بير | activeDevices: 0 | final status: طابور خفيف @ http://localhost:5173/app.js:340
[  545536ms] [INFO] [Status] محطة وقود ابونواس | activeDevices: 0 | final status: طابور خفيف @ http://localhost:5173/app.js:340
[  545536ms] [INFO] [Status] محطة وقود القاضي | activeDevices: 0 | final status: طابور خفيف @ http://localhost:5173/app.js:340
[  545536ms] [INFO] [Status] محطة وقود | activeDevices: 0 | final status: طابور خفيف @ http://localhost:5173/app.js:340
[  545536ms] [INFO] [Status] محطة وقود | activeDevices: 0 | final status: طابور خفيف @ http://localhost:5173/app.js:340
[  545536ms] [INFO] [Status] محطة وقود غير مسماة - way/569303812 | activeDevices: 0 | final status: طابور خفيف @ http://localhost:5173/app.js:340
[  545536ms] [INFO] [Status] Oilibya | activeDevices: 0 | final status: طابور خفيف @ http://localhost:5173/app.js:340
[  545536ms] [INFO] [Status] محطة وقود الضواحي ⛽ | activeDevices: 0 | final status: طابور خفيف @ http://localhost:5173/app.js:340
[  545536ms] [INFO] [Status] محطة وقود | activeDevices: 0 | final status: طابور خفيف @ http://localhost:5173/app.js:340
[  545536ms] [INFO] [Status] محطة وقود / شيل الرقبة | activeDevices: 0 | final status: طابور خفيف @ http://localhost:5173/app.js:340
[  545536ms] [INFO] [Status] محطة وقود | activeDevices: 0 | final status: طابور خفيف @ http://localhost:5173/app.js:340
[  545536ms] [INFO] [Status] موزع غاز حكومي | activeDevices: 0 | final status: طابور خفيف @ http://localhost:5173/app.js:340
[  545536ms] [INFO] [Status] محطة وقود | activeDevices: 0 | final status: طابور خفيف @ http://localhost:5173/app.js:340
[  545536ms] [INFO] [Status] محطة وقود بن غرسة | activeDevices: 0 | final status: طابور خفيف @ http://localhost:5173/app.js:340
[  545536ms] [INFO] [Status] محطة وقود | activeDevices: 0 | final status: طابور خفيف @ http://localhost:5173/app.js:340
[  545536ms] [INFO] [Status] تحت الانشاء | activeDevices: 0 | final status: طابور خفيف @ http://localhost:5173/app.js:340
[  545536ms] [INFO] [Status] محطة وقود | activeDevices: 0 | final status: طابور خفيف @ http://localhost:5173/app.js:340
[  545536ms] [INFO] [Status] محطة وقود السلامة | activeDevices: 0 | final status: زحمة @ http://localhost:5173/app.js:340
[  545536ms] [INFO] [Status] محطة وقود | activeDevices: 0 | final status: طابور خفيف @ http://localhost:5173/app.js:340
[  545536ms] [INFO] [Status] محطة وقود | activeDevices: 0 | final status: طابور خفيف @ http://localhost:5173/app.js:340
[  545536ms] [INFO] [Status] محطة وقود غير مسماة - way/569420777 | activeDevices: 0 | final status: زحمة @ http://localhost:5173/app.js:340
[  545536ms] [INFO] [Status] محطة وقود الحبايبية | activeDevices: 0 | final status: عالبومبة طول @ http://localhost:5173/app.js:340
[  545536ms] [INFO] [Status] محطة وقود الرحمة | activeDevices: 0 | final status: طابور خفيف @ http://localhost:5173/app.js:340
[  545536ms] [INFO] [Status] محطة وقود | activeDevices: 0 | final status: طابور خفيف @ http://localhost:5173/app.js:340
[  545536ms] [INFO] [Status] محطة وقود السراج | activeDevices: 0 | final status: طابور خفيف @ http://localhost:5173/app.js:340
[  545536ms] [INFO] [Status] محطة وقود | activeDevices: 0 | final status: طابور خفيف @ http://localhost:5173/app.js:340
[  545536ms] [INFO] [Status] محطه شركة السلام - ليبيا نفط | activeDevices: 0 | final status: طابور خفيف @ http://localhost:5173/app.js:340
[  545536ms] [INFO] [Status] محطة وقود | activeDevices: 0 | final status: طابور خفيف @ http://localhost:5173/app.js:340
[  545536ms] [INFO] [Status] محطة وقود فتروش | activeDevices: 0 | final status: طابور خفيف @ http://localhost:5173/app.js:340
[  545536ms] [INFO] [Status] محطة وقود غير مسماة - way/875267927 | activeDevices: 0 | final status: طابور خفيف @ http://localhost:5173/app.js:340
[  545536ms] [INFO] [Status] محطة وقود بير العالم | activeDevices: 0 | final status: طابور خفيف @ http://localhost:5173/app.js:340
[  545536ms] [INFO] [Status] محطة وقود كرواط | activeDevices: 0 | final status: طابور خفيف @ http://localhost:5173/app.js:340
[  545536ms] [INFO] [Status] محطة وقود | activeDevices: 0 | final status: طابور خفيف @ http://localhost:5173/app.js:340
[  545536ms] [INFO] [Status] محطة وقود | activeDevices: 0 | final status: طابور خفيف @ http://localhost:5173/app.js:340
[  545536ms] [INFO] [Status] محطة وقود بير العالم | activeDevices: 0 | final status: طابور خفيف @ http://localhost:5173/app.js:340
[  545537ms] [INFO] [Status] محطة وقود المقرحي | activeDevices: 0 | final status: طابور خفيف @ http://localhost:5173/app.js:340
[  545537ms] [INFO] [Status] محطة وقود المقرحي | activeDevices: 0 | final status: طابور خفيف @ http://localhost:5173/app.js:340
[  545537ms] [INFO] [Status] محطة وقود الضبيع | activeDevices: 0 | final status: طابور خفيف @ http://localhost:5173/app.js:340
[  545537ms] [INFO] [Status] محطة وقود | activeDevices: 0 | final status: طابور خفيف @ http://localhost:5173/app.js:340
[  545537ms] [INFO] [Status] محطة وقود الشرارة | activeDevices: 0 | final status: طابور خفيف @ http://localhost:5173/app.js:340
[  545537ms] [INFO] [Status] محطة المشاط | activeDevices: 0 | final status: طابور خفيف @ http://localhost:5173/app.js:340
[  545537ms] [INFO] [Status] محطة وقود غير مسماة - node/8014161288 | activeDevices: 0 | final status: طابور خفيف @ http://localhost:5173/app.js:340
[  545537ms] [INFO] [Status] محطة وقود المبدع | activeDevices: 0 | final status: طابور خفيف @ http://localhost:5173/app.js:340
[  545537ms] [INFO] [Status] محطة وقود | activeDevices: 0 | final status: طابور خفيف @ http://localhost:5173/app.js:340
[  545537ms] [INFO] [Home] total stations loaded: 114, rendered station count: 22, best station found: yes @ http://localhost:5173/app.js:382
[  572757ms] [INFO] [Status] محطة وقود الهاني | activeDevices: 0 | final status: طابور خفيف @ http://localhost:5173/app.js:340
[  572757ms] [INFO] [Status] مستودع الغاز الهاني | activeDevices: 0 | final status: طابور خفيف @ http://localhost:5173/app.js:340
[  572757ms] [INFO] [Status] محطة وقود | activeDevices: 0 | final status: طابور خفيف @ http://localhost:5173/app.js:340
[  572757ms] [INFO] [Status] محطة وقود | activeDevices: 0 | final status: طابور خفيف @ http://localhost:5173/app.js:340
[  572758ms] [INFO] [Status] محطة وقود | activeDevices: 0 | final status: طابور خفيف @ http://localhost:5173/app.js:340
[  572758ms] [INFO] [Status] Oilibya | activeDevices: 0 | final status: طابور خفيف @ http://localhost:5173/app.js:340
[  572758ms] [INFO] [Status] موزع غاز الطهي | activeDevices: 0 | final status: طابور خفيف @ http://localhost:5173/app.js:340
[  572758ms] [INFO] [Status] موزع غاز | activeDevices: 0 | final status: طابور خفيف @ http://localhost:5173/app.js:340
[  572758ms] [INFO] [Status] شركة البريقة لتسويق النفط مستودع الهاني | activeDevices: 0 | final status: طابور خفيف @ http://localhost:5173/app.js:340
[  572758ms] [INFO] [Status] محطة وقود ابوستة | activeDevices: 0 | final status: طابور خفيف @ http://localhost:5173/app.js:340
[  572758ms] [INFO] [Status] محطة وقود الشرارة | activeDevices: 0 | final status: طابور خفيف @ http://localhost:5173/app.js:340
[  572758ms] [INFO] [Status] محطة وقود بن عاشور | activeDevices: 0 | final status: زحمة @ http://localhost:5173/app.js:340
[  572758ms] [INFO] [Status] محطة وقود زاوية الدهماني | activeDevices: 0 | final status: طابور خفيف @ http://localhost:5173/app.js:340
[  572758ms] [INFO] [Status] محطة زاوية الدهماني للوقود | activeDevices: 0 | final status: طابور خفيف @ http://localhost:5173/app.js:340
[  572758ms] [INFO] [Status] Oilibya | activeDevices: 0 | final status: طابور خفيف @ http://localhost:5173/app.js:340
[  572758ms] [INFO] [Status] محطة وقود باب بن غشير | activeDevices: 0 | final status: طابور خفيف @ http://localhost:5173/app.js:340
[  572758ms] [INFO] [Status] محطة وقود | activeDevices: 0 | final status: طابور خفيف @ http://localhost:5173/app.js:340
[  572758ms] [INFO] [Status] محطة وقود الشرقية | activeDevices: 0 | final status: طابور خفيف @ http://localhost:5173/app.js:340
[  572758ms] [INFO] [Status] محطة وقود عرادة | activeDevices: 0 | final status: طابور خفيف @ http://localhost:5173/app.js:340
[  572758ms] [INFO] [Status] محطة وقود | activeDevices: 0 | final status: طابور خفيف @ http://localhost:5173/app.js:340
[  572759ms] [INFO] [Status] محطة وقود الهضبة | activeDevices: 0 | final status: طابور خفيف @ http://localhost:5173/app.js:340
[  572759ms] [INFO] [Status] محطة وقود غير مسماة - node/10051127673 | activeDevices: 0 | final status: طابور خفيف @ http://localhost:5173/app.js:340
[  572759ms] [INFO] [Status] محطة وقود | activeDevices: 0 | final status: طابور خفيف @ http://localhost:5173/app.js:340
[  572759ms] [INFO] [Status] محطة وقود شارع الصريم | activeDevices: 0 | final status: طابور خفيف @ http://localhost:5173/app.js:340
[  572759ms] [INFO] [Status] محطة وقود بركة | activeDevices: 0 | final status: طابور خفيف @ http://localhost:5173/app.js:340
[  572759ms] [INFO] [Status] محطة وقود | activeDevices: 0 | final status: طابور خفيف @ http://localhost:5173/app.js:340
[  572759ms] [INFO] [Status] محطة وقود الفلاح | activeDevices: 0 | final status: طابور خفيف @ http://localhost:5173/app.js:340
[  572759ms] [INFO] [Status] محطة وقود المنصورة | activeDevices: 0 | final status: طابور خفيف @ http://localhost:5173/app.js:340
[  572759ms] [INFO] [Status] محطة وقود أبوسليم | activeDevices: 0 | final status: طابور خفيف @ http://localhost:5173/app.js:340
[  572759ms] [INFO] [Status] محطة وقود السدرة -الراحلة | activeDevices: 0 | final status: طابور خفيف @ http://localhost:5173/app.js:340
[  572759ms] [INFO] [Status] محطة وقود | activeDevices: 0 | final status: طابور خفيف @ http://localhost:5173/app.js:340
[  572759ms] [INFO] [Status] محطة وقود طريق المشتل | activeDevices: 0 | final status: طابور خفيف @ http://localhost:5173/app.js:340
[  572759ms] [INFO] [Status] محطة وقود الراحلة | activeDevices: 0 | final status: عالبومبة طول @ http://localhost:5173/app.js:340
[  572759ms] [INFO] [Status] محطة وقود | activeDevices: 0 | final status: طابور خفيف @ http://localhost:5173/app.js:340
[  572759ms] [INFO] [Status] محطة وقود السويحلي | activeDevices: 0 | final status: طابور خفيف @ http://localhost:5173/app.js:340
[  572760ms] [INFO] [Status] محطة وقود الفلاح | activeDevices: 0 | final status: طابور خفيف @ http://localhost:5173/app.js:340
[  572760ms] [INFO] [Status] محطة وقود البيفي | activeDevices: 0 | final status: طابور خفيف @ http://localhost:5173/app.js:340
[  572760ms] [INFO] [Status] محطة وقود / برقان | activeDevices: 0 | final status: طابور خفيف @ http://localhost:5173/app.js:340
[  572760ms] [INFO] [Status] محطة وقود / الجبو | activeDevices: 0 | final status: طابور خفيف @ http://localhost:5173/app.js:340
[  572760ms] [INFO] [Status] محطة وقود | activeDevices: 0 | final status: طابور خفيف @ http://localhost:5173/app.js:340
[  572760ms] [INFO] [Status] محطة وقود الخبولي | activeDevices: 0 | final status: طابور خفيف @ http://localhost:5173/app.js:340
[  572760ms] [INFO] [Status] محطة وقود | activeDevices: 0 | final status: طابور خفيف @ http://localhost:5173/app.js:340
[  572760ms] [INFO] [Status] محطة وقود | activeDevices: 0 | final status: طابور خفيف @ http://localhost:5173/app.js:340
[  572760ms] [INFO] [Status] محطة وقود | activeDevices: 0 | final status: طابور خفيف @ http://localhost:5173/app.js:340
[  572760ms] [INFO] [Status] محطة وقود | activeDevices: 0 | final status: طابور خفيف @ http://localhost:5173/app.js:340
[  572760ms] [INFO] [Status] أويليبيا | activeDevices: 0 | final status: طابور خفيف @ http://localhost:5173/app.js:340
[  572760ms] [INFO] [Status] محطة وقود | activeDevices: 0 | final status: طابور خفيف @ http://localhost:5173/app.js:340
[  572760ms] [INFO] [Status] أويليبيا | activeDevices: 0 | final status: طابور خفيف @ http://localhost:5173/app.js:340
[  572760ms] [INFO] [Status] محطة توزيع غاز | activeDevices: 0 | final status: طابور خفيف @ http://localhost:5173/app.js:340
[  572760ms] [INFO] [Status] محطة وقود | activeDevices: 0 | final status: طابور خفيف @ http://localhost:5173/app.js:340
[  572760ms] [INFO] [Status] محطة وقود غير مسماة - node/12492729341 | activeDevices: 0 | final status: طابور خفيف @ http://localhost:5173/app.js:340
[  572760ms] [INFO] [Status] محطة وقود | activeDevices: 0 | final status: طابور خفيف @ http://localhost:5173/app.js:340
[  572760ms] [INFO] [Status] محطة وقود | activeDevices: 0 | final status: طابور خفيف @ http://localhost:5173/app.js:340
[  572760ms] [INFO] [Status] غاز بنبلي | activeDevices: 0 | final status: طابور خفيف @ http://localhost:5173/app.js:340
[  572760ms] [INFO] [Status] محطة وقود البوعيشي | activeDevices: 0 | final status: طابور خفيف @ http://localhost:5173/app.js:340
[  572760ms] [INFO] [Status] محطة وقود اسبان | activeDevices: 0 | final status: طابور خفيف @ http://localhost:5173/app.js:340
[  572760ms] [INFO] [Status] محطة وقود اسبان | activeDevices: 0 | final status: طابور خفيف @ http://localhost:5173/app.js:340
[  572760ms] [INFO] [Status] محطة وقود أحمد محمود | activeDevices: 0 | final status: طابور خفيف @ http://localhost:5173/app.js:340
[  572760ms] [INFO] [Status] محطة وقود المشري | activeDevices: 0 | final status: طابور خفيف @ http://localhost:5173/app.js:340
[  572760ms] [INFO] [Status] محطة وقود تاجواء الوسط | activeDevices: 0 | final status: طابور خفيف @ http://localhost:5173/app.js:340
[  572760ms] [INFO] [Status] محطة وقود | activeDevices: 0 | final status: طابور خفيف @ http://localhost:5173/app.js:340
[  572761ms] [INFO] [Status] محطة وقود | activeDevices: 0 | final status: مسكر @ http://localhost:5173/app.js:340
[  572761ms] [INFO] [Status] محطة وقود الشعافي | activeDevices: 0 | final status: طابور خفيف @ http://localhost:5173/app.js:340
[  572761ms] [INFO] [Status] محطة وقود السويحلي | activeDevices: 0 | final status: مسكر @ http://localhost:5173/app.js:340
[  572761ms] [INFO] [Status] محطة وقود | activeDevices: 0 | final status: طابور خفيف @ http://localhost:5173/app.js:340
[  572761ms] [INFO] [Status] محطة وقود | activeDevices: 0 | final status: عالبومبة طول @ http://localhost:5173/app.js:340
[  572761ms] [INFO] [Status] محطة وقود | activeDevices: 0 | final status: طابور خفيف @ http://localhost:5173/app.js:340
[  572761ms] [INFO] [Status] محطة وقود غوط الشعال | activeDevices: 0 | final status: طابور خفيف @ http://localhost:5173/app.js:340
[  572761ms] [INFO] [Status] محطة وقود | activeDevices: 0 | final status: طابور خفيف @ http://localhost:5173/app.js:340
[  572761ms] [INFO] [Status] محطة ابو نواس | activeDevices: 0 | final status: طابور خفيف @ http://localhost:5173/app.js:340
[  572761ms] [INFO] [Status] محطة وقود بير | activeDevices: 0 | final status: طابور خفيف @ http://localhost:5173/app.js:340
[  572761ms] [INFO] [Status] محطة وقود ابونواس | activeDevices: 0 | final status: طابور خفيف @ http://localhost:5173/app.js:340
[  572761ms] [INFO] [Status] محطة وقود القاضي | activeDevices: 0 | final status: طابور خفيف @ http://localhost:5173/app.js:340
[  572761ms] [INFO] [Status] محطة وقود | activeDevices: 0 | final status: طابور خفيف @ http://localhost:5173/app.js:340
[  572761ms] [INFO] [Status] محطة وقود | activeDevices: 0 | final status: طابور خفيف @ http://localhost:5173/app.js:340
[  572761ms] [INFO] [Status] محطة وقود غير مسماة - way/569303812 | activeDevices: 0 | final status: طابور خفيف @ http://localhost:5173/app.js:340
[  572761ms] [INFO] [Status] Oilibya | activeDevices: 0 | final status: طابور خفيف @ http://localhost:5173/app.js:340
[  572761ms] [INFO] [Status] محطة وقود الضواحي ⛽ | activeDevices: 0 | final status: طابور خفيف @ http://localhost:5173/app.js:340
[  572761ms] [INFO] [Status] محطة وقود | activeDevices: 0 | final status: طابور خفيف @ http://localhost:5173/app.js:340
[  572761ms] [INFO] [Status] محطة وقود / شيل الرقبة | activeDevices: 0 | final status: طابور خفيف @ http://localhost:5173/app.js:340
[  572761ms] [INFO] [Status] محطة وقود | activeDevices: 0 | final status: طابور خفيف @ http://localhost:5173/app.js:340
[  572761ms] [INFO] [Status] موزع غاز حكومي | activeDevices: 0 | final status: طابور خفيف @ http://localhost:5173/app.js:340
[  572761ms] [INFO] [Status] محطة وقود | activeDevices: 0 | final status: طابور خفيف @ http://localhost:5173/app.js:340
[  572761ms] [INFO] [Status] محطة وقود بن غرسة | activeDevices: 0 | final status: طابور خفيف @ http://localhost:5173/app.js:340
[  572761ms] [INFO] [Status] محطة وقود | activeDevices: 0 | final status: طابور خفيف @ http://localhost:5173/app.js:340
[  572761ms] [INFO] [Status] تحت الانشاء | activeDevices: 0 | final status: طابور خفيف @ http://localhost:5173/app.js:340
[  572761ms] [INFO] [Status] محطة وقود | activeDevices: 0 | final status: طابور خفيف @ http://localhost:5173/app.js:340
[  572761ms] [INFO] [Status] محطة وقود السلامة | activeDevices: 0 | final status: زحمة @ http://localhost:5173/app.js:340
[  572761ms] [INFO] [Status] محطة وقود | activeDevices: 0 | final status: طابور خفيف @ http://localhost:5173/app.js:340
[  572761ms] [INFO] [Status] محطة وقود | activeDevices: 0 | final status: طابور خفيف @ http://localhost:5173/app.js:340
[  572762ms] [INFO] [Status] محطة وقود غير مسماة - way/569420777 | activeDevices: 0 | final status: زحمة @ http://localhost:5173/app.js:340
[  572762ms] [INFO] [Status] محطة وقود الحبايبية | activeDevices: 0 | final status: عالبومبة طول @ http://localhost:5173/app.js:340
[  572762ms] [INFO] [Status] محطة وقود الرحمة | activeDevices: 0 | final status: طابور خفيف @ http://localhost:5173/app.js:340
[  572762ms] [INFO] [Status] محطة وقود | activeDevices: 0 | final status: طابور خفيف @ http://localhost:5173/app.js:340
[  572762ms] [INFO] [Status] محطة وقود السراج | activeDevices: 0 | final status: طابور خفيف @ http://localhost:5173/app.js:340
[  572762ms] [INFO] [Status] محطة وقود | activeDevices: 0 | final status: طابور خفيف @ http://localhost:5173/app.js:340
[  572762ms] [INFO] [Status] محطه شركة السلام - ليبيا نفط | activeDevices: 0 | final status: طابور خفيف @ http://localhost:5173/app.js:340
[  572762ms] [INFO] [Status] محطة وقود | activeDevices: 0 | final status: طابور خفيف @ http://localhost:5173/app.js:340
[  572762ms] [INFO] [Status] محطة وقود فتروش | activeDevices: 0 | final status: طابور خفيف @ http://localhost:5173/app.js:340
[  572762ms] [INFO] [Status] محطة وقود غير مسماة - way/875267927 | activeDevices: 0 | final status: طابور خفيف @ http://localhost:5173/app.js:340
[  572762ms] [INFO] [Status] محطة وقود بير العالم | activeDevices: 0 | final status: طابور خفيف @ http://localhost:5173/app.js:340
[  572762ms] [INFO] [Status] محطة وقود كرواط | activeDevices: 0 | final status: طابور خفيف @ http://localhost:5173/app.js:340
[  572762ms] [INFO] [Status] محطة وقود | activeDevices: 0 | final status: طابور خفيف @ http://localhost:5173/app.js:340
[  572762ms] [INFO] [Status] محطة وقود | activeDevices: 0 | final status: طابور خفيف @ http://localhost:5173/app.js:340
[  572762ms] [INFO] [Status] محطة وقود بير العالم | activeDevices: 0 | final status: طابور خفيف @ http://localhost:5173/app.js:340
[  572762ms] [INFO] [Status] محطة وقود المقرحي | activeDevices: 0 | final status: طابور خفيف @ http://localhost:5173/app.js:340
[  572762ms] [INFO] [Status] محطة وقود المقرحي | activeDevices: 0 | final status: طابور خفيف @ http://localhost:5173/app.js:340
[  572762ms] [INFO] [Status] محطة وقود الضبيع | activeDevices: 0 | final status: طابور خفيف @ http://localhost:5173/app.js:340
[  572762ms] [INFO] [Status] محطة وقود | activeDevices: 0 | final status: طابور خفيف @ http://localhost:5173/app.js:340
[  572762ms] [INFO] [Status] محطة وقود الشرارة | activeDevices: 0 | final status: طابور خفيف @ http://localhost:5173/app.js:340
[  572762ms] [INFO] [Status] محطة المشاط | activeDevices: 0 | final status: طابور خفيف @ http://localhost:5173/app.js:340
[  572762ms] [INFO] [Status] محطة وقود غير مسماة - node/8014161288 | activeDevices: 0 | final status: طابور خفيف @ http://localhost:5173/app.js:340
[  572762ms] [INFO] [Status] محطة وقود المبدع | activeDevices: 0 | final status: طابور خفيف @ http://localhost:5173/app.js:340
[  572762ms] [INFO] [Status] محطة وقود | activeDevices: 0 | final status: طابور خفيف @ http://localhost:5173/app.js:340
[  572762ms] [INFO] [Home] total stations loaded: 114, rendered station count: 22, best station found: yes @ http://localhost:5173/app.js:382
[  605526ms] [INFO] [Repository] Presence fetch succeeded. Active rows: 0. @ http://localhost:5173/repository.mjs:186
[  605526ms] [INFO] [Status] محطة وقود الهاني | activeDevices: 0 | final status: طابور خفيف @ http://localhost:5173/app.js:340
[  605527ms] [INFO] [Status] مستودع الغاز الهاني | activeDevices: 0 | final status: طابور خفيف @ http://localhost:5173/app.js:340
[  605527ms] [INFO] [Status] محطة وقود | activeDevices: 0 | final status: طابور خفيف @ http://localhost:5173/app.js:340
[  605527ms] [INFO] [Status] محطة وقود | activeDevices: 0 | final status: طابور خفيف @ http://localhost:5173/app.js:340
[  605527ms] [INFO] [Status] محطة وقود | activeDevices: 0 | final status: طابور خفيف @ http://localhost:5173/app.js:340
[  605527ms] [INFO] [Status] Oilibya | activeDevices: 0 | final status: طابور خفيف @ http://localhost:5173/app.js:340
[  605527ms] [INFO] [Status] موزع غاز الطهي | activeDevices: 0 | final status: طابور خفيف @ http://localhost:5173/app.js:340
[  605527ms] [INFO] [Status] موزع غاز | activeDevices: 0 | final status: طابور خفيف @ http://localhost:5173/app.js:340
[  605527ms] [INFO] [Status] شركة البريقة لتسويق النفط مستودع الهاني | activeDevices: 0 | final status: طابور خفيف @ http://localhost:5173/app.js:340
[  605527ms] [INFO] [Status] محطة وقود ابوستة | activeDevices: 0 | final status: طابور خفيف @ http://localhost:5173/app.js:340
[  605527ms] [INFO] [Status] محطة وقود الشرارة | activeDevices: 0 | final status: طابور خفيف @ http://localhost:5173/app.js:340
[  605527ms] [INFO] [Status] محطة وقود بن عاشور | activeDevices: 0 | final status: زحمة @ http://localhost:5173/app.js:340
[  605527ms] [INFO] [Status] محطة وقود زاوية الدهماني | activeDevices: 0 | final status: طابور خفيف @ http://localhost:5173/app.js:340
[  605527ms] [INFO] [Status] محطة زاوية الدهماني للوقود | activeDevices: 0 | final status: طابور خفيف @ http://localhost:5173/app.js:340
[  605527ms] [INFO] [Status] Oilibya | activeDevices: 0 | final status: طابور خفيف @ http://localhost:5173/app.js:340
[  605527ms] [INFO] [Status] محطة وقود باب بن غشير | activeDevices: 0 | final status: طابور خفيف @ http://localhost:5173/app.js:340
[  605527ms] [INFO] [Status] محطة وقود | activeDevices: 0 | final status: طابور خفيف @ http://localhost:5173/app.js:340
[  605528ms] [INFO] [Status] محطة وقود الشرقية | activeDevices: 0 | final status: طابور خفيف @ http://localhost:5173/app.js:340
[  605528ms] [INFO] [Status] محطة وقود عرادة | activeDevices: 0 | final status: طابور خفيف @ http://localhost:5173/app.js:340
[  605528ms] [INFO] [Status] محطة وقود | activeDevices: 0 | final status: طابور خفيف @ http://localhost:5173/app.js:340
[  605528ms] [INFO] [Status] محطة وقود الهضبة | activeDevices: 0 | final status: طابور خفيف @ http://localhost:5173/app.js:340
[  605528ms] [INFO] [Status] محطة وقود غير مسماة - node/10051127673 | activeDevices: 0 | final status: طابور خفيف @ http://localhost:5173/app.js:340
[  605528ms] [INFO] [Status] محطة وقود | activeDevices: 0 | final status: طابور خفيف @ http://localhost:5173/app.js:340
[  605528ms] [INFO] [Status] محطة وقود شارع الصريم | activeDevices: 0 | final status: طابور خفيف @ http://localhost:5173/app.js:340
[  605528ms] [INFO] [Status] محطة وقود بركة | activeDevices: 0 | final status: طابور خفيف @ http://localhost:5173/app.js:340
[  605528ms] [INFO] [Status] محطة وقود | activeDevices: 0 | final status: طابور خفيف @ http://localhost:5173/app.js:340
[  605528ms] [INFO] [Status] محطة وقود الفلاح | activeDevices: 0 | final status: طابور خفيف @ http://localhost:5173/app.js:340
[  605528ms] [INFO] [Status] محطة وقود المنصورة | activeDevices: 0 | final status: طابور خفيف @ http://localhost:5173/app.js:340
[  605528ms] [INFO] [Status] محطة وقود أبوسليم | activeDevices: 0 | final status: طابور خفيف @ http://localhost:5173/app.js:340
[  605528ms] [INFO] [Status] محطة وقود السدرة -الراحلة | activeDevices: 0 | final status: طابور خفيف @ http://localhost:5173/app.js:340
[  605528ms] [INFO] [Status] محطة وقود | activeDevices: 0 | final status: طابور خفيف @ http://localhost:5173/app.js:340
[  605528ms] [INFO] [Status] محطة وقود طريق المشتل | activeDevices: 0 | final status: طابور خفيف @ http://localhost:5173/app.js:340
[  605528ms] [INFO] [Status] محطة وقود الراحلة | activeDevices: 0 | final status: عالبومبة طول @ http://localhost:5173/app.js:340
[  605528ms] [INFO] [Status] محطة وقود | activeDevices: 0 | final status: طابور خفيف @ http://localhost:5173/app.js:340
[  605528ms] [INFO] [Status] محطة وقود السويحلي | activeDevices: 0 | final status: طابور خفيف @ http://localhost:5173/app.js:340
[  605528ms] [INFO] [Status] محطة وقود الفلاح | activeDevices: 0 | final status: طابور خفيف @ http://localhost:5173/app.js:340
[  605528ms] [INFO] [Status] محطة وقود البيفي | activeDevices: 0 | final status: طابور خفيف @ http://localhost:5173/app.js:340
[  605528ms] [INFO] [Status] محطة وقود / برقان | activeDevices: 0 | final status: طابور خفيف @ http://localhost:5173/app.js:340
[  605528ms] [INFO] [Status] محطة وقود / الجبو | activeDevices: 0 | final status: طابور خفيف @ http://localhost:5173/app.js:340
[  605528ms] [INFO] [Status] محطة وقود | activeDevices: 0 | final status: طابور خفيف @ http://localhost:5173/app.js:340
[  605528ms] [INFO] [Status] محطة وقود الخبولي | activeDevices: 0 | final status: طابور خفيف @ http://localhost:5173/app.js:340
[  605529ms] [INFO] [Status] محطة وقود | activeDevices: 0 | final status: طابور خفيف @ http://localhost:5173/app.js:340
[  605529ms] [INFO] [Status] محطة وقود | activeDevices: 0 | final status: طابور خفيف @ http://localhost:5173/app.js:340
[  605529ms] [INFO] [Status] محطة وقود | activeDevices: 0 | final status: طابور خفيف @ http://localhost:5173/app.js:340
[  605529ms] [INFO] [Status] محطة وقود | activeDevices: 0 | final status: طابور خفيف @ http://localhost:5173/app.js:340
[  605529ms] [INFO] [Status] أويليبيا | activeDevices: 0 | final status: طابور خفيف @ http://localhost:5173/app.js:340
[  605529ms] [INFO] [Status] محطة وقود | activeDevices: 0 | final status: طابور خفيف @ http://localhost:5173/app.js:340
[  605529ms] [INFO] [Status] أويليبيا | activeDevices: 0 | final status: طابور خفيف @ http://localhost:5173/app.js:340
[  605529ms] [INFO] [Status] محطة توزيع غاز | activeDevices: 0 | final status: طابور خفيف @ http://localhost:5173/app.js:340
[  605529ms] [INFO] [Status] محطة وقود | activeDevices: 0 | final status: طابور خفيف @ http://localhost:5173/app.js:340
[  605529ms] [INFO] [Status] محطة وقود غير مسماة - node/12492729341 | activeDevices: 0 | final status: طابور خفيف @ http://localhost:5173/app.js:340
[  605529ms] [INFO] [Status] محطة وقود | activeDevices: 0 | final status: طابور خفيف @ http://localhost:5173/app.js:340
[  605529ms] [INFO] [Status] محطة وقود | activeDevices: 0 | final status: طابور خفيف @ http://localhost:5173/app.js:340
[  605529ms] [INFO] [Status] غاز بنبلي | activeDevices: 0 | final status: طابور خفيف @ http://localhost:5173/app.js:340
[  605529ms] [INFO] [Status] محطة وقود البوعيشي | activeDevices: 0 | final status: طابور خفيف @ http://localhost:5173/app.js:340
[  605529ms] [INFO] [Status] محطة وقود اسبان | activeDevices: 0 | final status: طابور خفيف @ http://localhost:5173/app.js:340
[  605529ms] [INFO] [Status] محطة وقود اسبان | activeDevices: 0 | final status: طابور خفيف @ http://localhost:5173/app.js:340
[  605529ms] [INFO] [Status] محطة وقود أحمد محمود | activeDevices: 0 | final status: طابور خفيف @ http://localhost:5173/app.js:340
[  605529ms] [INFO] [Status] محطة وقود المشري | activeDevices: 0 | final status: طابور خفيف @ http://localhost:5173/app.js:340
[  605529ms] [INFO] [Status] محطة وقود تاجواء الوسط | activeDevices: 0 | final status: طابور خفيف @ http://localhost:5173/app.js:340
[  605529ms] [INFO] [Status] محطة وقود | activeDevices: 0 | final status: طابور خفيف @ http://localhost:5173/app.js:340
[  605529ms] [INFO] [Status] محطة وقود | activeDevices: 0 | final status: مسكر @ http://localhost:5173/app.js:340
[  605529ms] [INFO] [Status] محطة وقود الشعافي | activeDevices: 0 | final status: طابور خفيف @ http://localhost:5173/app.js:340
[  605529ms] [INFO] [Status] محطة وقود السويحلي | activeDevices: 0 | final status: مسكر @ http://localhost:5173/app.js:340
[  605529ms] [INFO] [Status] محطة وقود | activeDevices: 0 | final status: طابور خفيف @ http://localhost:5173/app.js:340
[  605529ms] [INFO] [Status] محطة وقود | activeDevices: 0 | final status: عالبومبة طول @ http://localhost:5173/app.js:340
[  605529ms] [INFO] [Status] محطة وقود | activeDevices: 0 | final status: طابور خفيف @ http://localhost:5173/app.js:340
[  605529ms] [INFO] [Status] محطة وقود غوط الشعال | activeDevices: 0 | final status: طابور خفيف @ http://localhost:5173/app.js:340
[  605529ms] [INFO] [Status] محطة وقود | activeDevices: 0 | final status: طابور خفيف @ http://localhost:5173/app.js:340
[  605529ms] [INFO] [Status] محطة ابو نواس | activeDevices: 0 | final status: طابور خفيف @ http://localhost:5173/app.js:340
[  605530ms] [INFO] [Status] محطة وقود بير | activeDevices: 0 | final status: طابور خفيف @ http://localhost:5173/app.js:340
[  605530ms] [INFO] [Status] محطة وقود ابونواس | activeDevices: 0 | final status: طابور خفيف @ http://localhost:5173/app.js:340
[  605530ms] [INFO] [Status] محطة وقود القاضي | activeDevices: 0 | final status: طابور خفيف @ http://localhost:5173/app.js:340
[  605530ms] [INFO] [Status] محطة وقود | activeDevices: 0 | final status: طابور خفيف @ http://localhost:5173/app.js:340
[  605530ms] [INFO] [Status] محطة وقود | activeDevices: 0 | final status: طابور خفيف @ http://localhost:5173/app.js:340
[  605530ms] [INFO] [Status] محطة وقود غير مسماة - way/569303812 | activeDevices: 0 | final status: طابور خفيف @ http://localhost:5173/app.js:340
[  605530ms] [INFO] [Status] Oilibya | activeDevices: 0 | final status: طابور خفيف @ http://localhost:5173/app.js:340
[  605530ms] [INFO] [Status] محطة وقود الضواحي ⛽ | activeDevices: 0 | final status: طابور خفيف @ http://localhost:5173/app.js:340
[  605530ms] [INFO] [Status] محطة وقود | activeDevices: 0 | final status: طابور خفيف @ http://localhost:5173/app.js:340
[  605530ms] [INFO] [Status] محطة وقود / شيل الرقبة | activeDevices: 0 | final status: طابور خفيف @ http://localhost:5173/app.js:340
[  605530ms] [INFO] [Status] محطة وقود | activeDevices: 0 | final status: طابور خفيف @ http://localhost:5173/app.js:340
[  605530ms] [INFO] [Status] موزع غاز حكومي | activeDevices: 0 | final status: طابور خفيف @ http://localhost:5173/app.js:340
[  605530ms] [INFO] [Status] محطة وقود | activeDevices: 0 | final status: طابور خفيف @ http://localhost:5173/app.js:340
[  605530ms] [INFO] [Status] محطة وقود بن غرسة | activeDevices: 0 | final status: طابور خفيف @ http://localhost:5173/app.js:340
[  605530ms] [INFO] [Status] محطة وقود | activeDevices: 0 | final status: طابور خفيف @ http://localhost:5173/app.js:340
[  605530ms] [INFO] [Status] تحت الانشاء | activeDevices: 0 | final status: طابور خفيف @ http://localhost:5173/app.js:340
[  605530ms] [INFO] [Status] محطة وقود | activeDevices: 0 | final status: طابور خفيف @ http://localhost:5173/app.js:340
[  605530ms] [INFO] [Status] محطة وقود السلامة | activeDevices: 0 | final status: زحمة @ http://localhost:5173/app.js:340
[  605530ms] [INFO] [Status] محطة وقود | activeDevices: 0 | final status: طابور خفيف @ http://localhost:5173/app.js:340
[  605530ms] [INFO] [Status] محطة وقود | activeDevices: 0 | final status: طابور خفيف @ http://localhost:5173/app.js:340
[  605530ms] [INFO] [Status] محطة وقود غير مسماة - way/569420777 | activeDevices: 0 | final status: زحمة @ http://localhost:5173/app.js:340
[  605530ms] [INFO] [Status] محطة وقود الحبايبية | activeDevices: 0 | final status: عالبومبة طول @ http://localhost:5173/app.js:340
[  605530ms] [INFO] [Status] محطة وقود الرحمة | activeDevices: 0 | final status: طابور خفيف @ http://localhost:5173/app.js:340
[  605530ms] [INFO] [Status] محطة وقود | activeDevices: 0 | final status: طابور خفيف @ http://localhost:5173/app.js:340
[  605530ms] [INFO] [Status] محطة وقود السراج | activeDevices: 0 | final status: طابور خفيف @ http://localhost:5173/app.js:340
[  605530ms] [INFO] [Status] محطة وقود | activeDevices: 0 | final status: طابور خفيف @ http://localhost:5173/app.js:340
[  605530ms] [INFO] [Status] محطه شركة السلام - ليبيا نفط | activeDevices: 0 | final status: طابور خفيف @ http://localhost:5173/app.js:340
[  605530ms] [INFO] [Status] محطة وقود | activeDevices: 0 | final status: طابور خفيف @ http://localhost:5173/app.js:340
[  605530ms] [INFO] [Status] محطة وقود فتروش | activeDevices: 0 | final status: طابور خفيف @ http://localhost:5173/app.js:340
[  605530ms] [INFO] [Status] محطة وقود غير مسماة - way/875267927 | activeDevices: 0 | final status: طابور خفيف @ http://localhost:5173/app.js:340
[  605530ms] [INFO] [Status] محطة وقود بير العالم | activeDevices: 0 | final status: طابور خفيف @ http://localhost:5173/app.js:340
[  605530ms] [INFO] [Status] محطة وقود كرواط | activeDevices: 0 | final status: طابور خفيف @ http://localhost:5173/app.js:340
[  605530ms] [INFO] [Status] محطة وقود | activeDevices: 0 | final status: طابور خفيف @ http://localhost:5173/app.js:340
[  605531ms] [INFO] [Status] محطة وقود | activeDevices: 0 | final status: طابور خفيف @ http://localhost:5173/app.js:340
[  605531ms] [INFO] [Status] محطة وقود بير العالم | activeDevices: 0 | final status: طابور خفيف @ http://localhost:5173/app.js:340
[  605531ms] [INFO] [Status] محطة وقود المقرحي | activeDevices: 0 | final status: طابور خفيف @ http://localhost:5173/app.js:340
[  605531ms] [INFO] [Status] محطة وقود المقرحي | activeDevices: 0 | final status: طابور خفيف @ http://localhost:5173/app.js:340
[  605531ms] [INFO] [Status] محطة وقود الضبيع | activeDevices: 0 | final status: طابور خفيف @ http://localhost:5173/app.js:340
[  605531ms] [INFO] [Status] محطة وقود | activeDevices: 0 | final status: طابور خفيف @ http://localhost:5173/app.js:340
[  605531ms] [INFO] [Status] محطة وقود الشرارة | activeDevices: 0 | final status: طابور خفيف @ http://localhost:5173/app.js:340
[  605531ms] [INFO] [Status] محطة المشاط | activeDevices: 0 | final status: طابور خفيف @ http://localhost:5173/app.js:340
[  605531ms] [INFO] [Status] محطة وقود غير مسماة - node/8014161288 | activeDevices: 0 | final status: طابور خفيف @ http://localhost:5173/app.js:340
[  605531ms] [INFO] [Status] محطة وقود المبدع | activeDevices: 0 | final status: طابور خفيف @ http://localhost:5173/app.js:340
[  605531ms] [INFO] [Status] محطة وقود | activeDevices: 0 | final status: طابور خفيف @ http://localhost:5173/app.js:340
[  605531ms] [INFO] [Home] total stations loaded: 114, rendered station count: 22, best station found: yes @ http://localhost:5173/app.js:382
[  626482ms] [INFO] [Status] محطة وقود الهاني | activeDevices: 0 | final status: طابور خفيف @ http://localhost:5173/app.js:340
[  626482ms] [INFO] [Status] مستودع الغاز الهاني | activeDevices: 0 | final status: زحمة @ http://localhost:5173/app.js:340
[  626482ms] [INFO] [Status] محطة وقود | activeDevices: 0 | final status: طابور خفيف @ http://localhost:5173/app.js:340
[  626482ms] [INFO] [Status] محطة وقود | activeDevices: 0 | final status: طابور خفيف @ http://localhost:5173/app.js:340
[  626482ms] [INFO] [Status] محطة وقود | activeDevices: 0 | final status: طابور خفيف @ http://localhost:5173/app.js:340
[  626482ms] [INFO] [Status] Oilibya | activeDevices: 0 | final status: طابور خفيف @ http://localhost:5173/app.js:340
[  626482ms] [INFO] [Status] موزع غاز الطهي | activeDevices: 0 | final status: طابور خفيف @ http://localhost:5173/app.js:340
[  626482ms] [INFO] [Status] موزع غاز | activeDevices: 0 | final status: طابور خفيف @ http://localhost:5173/app.js:340
[  626483ms] [INFO] [Status] شركة البريقة لتسويق النفط مستودع الهاني | activeDevices: 0 | final status: طابور خفيف @ http://localhost:5173/app.js:340
[  626483ms] [INFO] [Status] محطة وقود ابوستة | activeDevices: 0 | final status: طابور خفيف @ http://localhost:5173/app.js:340
[  626483ms] [INFO] [Status] محطة وقود الشرارة | activeDevices: 0 | final status: طابور خفيف @ http://localhost:5173/app.js:340
[  626483ms] [INFO] [Status] محطة وقود بن عاشور | activeDevices: 0 | final status: زحمة @ http://localhost:5173/app.js:340
[  626483ms] [INFO] [Status] محطة وقود زاوية الدهماني | activeDevices: 0 | final status: طابور خفيف @ http://localhost:5173/app.js:340
[  626483ms] [INFO] [Status] محطة زاوية الدهماني للوقود | activeDevices: 0 | final status: طابور خفيف @ http://localhost:5173/app.js:340
[  626483ms] [INFO] [Status] Oilibya | activeDevices: 0 | final status: طابور خفيف @ http://localhost:5173/app.js:340
[  626483ms] [INFO] [Status] محطة وقود باب بن غشير | activeDevices: 0 | final status: طابور خفيف @ http://localhost:5173/app.js:340
[  626483ms] [INFO] [Status] محطة وقود | activeDevices: 0 | final status: طابور خفيف @ http://localhost:5173/app.js:340
[  626483ms] [INFO] [Status] محطة وقود الشرقية | activeDevices: 0 | final status: طابور خفيف @ http://localhost:5173/app.js:340
[  626483ms] [INFO] [Status] محطة وقود عرادة | activeDevices: 0 | final status: طابور خفيف @ http://localhost:5173/app.js:340
[  626483ms] [INFO] [Status] محطة وقود | activeDevices: 0 | final status: طابور خفيف @ http://localhost:5173/app.js:340
[  626483ms] [INFO] [Status] محطة وقود الهضبة | activeDevices: 0 | final status: طابور خفيف @ http://localhost:5173/app.js:340
[  626483ms] [INFO] [Status] محطة وقود غير مسماة - node/10051127673 | activeDevices: 0 | final status: طابور خفيف @ http://localhost:5173/app.js:340
[  626483ms] [INFO] [Status] محطة وقود | activeDevices: 0 | final status: طابور خفيف @ http://localhost:5173/app.js:340
[  626483ms] [INFO] [Status] محطة وقود شارع الصريم | activeDevices: 0 | final status: طابور خفيف @ http://localhost:5173/app.js:340
[  626483ms] [INFO] [Status] محطة وقود بركة | activeDevices: 0 | final status: طابور خفيف @ http://localhost:5173/app.js:340
[  626483ms] [INFO] [Status] محطة وقود | activeDevices: 0 | final status: طابور خفيف @ http://localhost:5173/app.js:340
[  626483ms] [INFO] [Status] محطة وقود الفلاح | activeDevices: 0 | final status: طابور خفيف @ http://localhost:5173/app.js:340
[  626483ms] [INFO] [Status] محطة وقود المنصورة | activeDevices: 0 | final status: طابور خفيف @ http://localhost:5173/app.js:340
[  626484ms] [INFO] [Status] محطة وقود أبوسليم | activeDevices: 0 | final status: طابور خفيف @ http://localhost:5173/app.js:340
[  626484ms] [INFO] [Status] محطة وقود السدرة -الراحلة | activeDevices: 0 | final status: طابور خفيف @ http://localhost:5173/app.js:340
[  626484ms] [INFO] [Status] محطة وقود | activeDevices: 0 | final status: طابور خفيف @ http://localhost:5173/app.js:340
[  626484ms] [INFO] [Status] محطة وقود طريق المشتل | activeDevices: 0 | final status: طابور خفيف @ http://localhost:5173/app.js:340
[  626484ms] [INFO] [Status] محطة وقود الراحلة | activeDevices: 0 | final status: عالبومبة طول @ http://localhost:5173/app.js:340
[  626484ms] [INFO] [Status] محطة وقود | activeDevices: 0 | final status: طابور خفيف @ http://localhost:5173/app.js:340
[  626484ms] [INFO] [Status] محطة وقود السويحلي | activeDevices: 0 | final status: طابور خفيف @ http://localhost:5173/app.js:340
[  626484ms] [INFO] [Status] محطة وقود الفلاح | activeDevices: 0 | final status: طابور خفيف @ http://localhost:5173/app.js:340
[  626484ms] [INFO] [Status] محطة وقود البيفي | activeDevices: 0 | final status: طابور خفيف @ http://localhost:5173/app.js:340
[  626484ms] [INFO] [Status] محطة وقود / برقان | activeDevices: 0 | final status: طابور خفيف @ http://localhost:5173/app.js:340
[  626484ms] [INFO] [Status] محطة وقود / الجبو | activeDevices: 0 | final status: طابور خفيف @ http://localhost:5173/app.js:340
[  626484ms] [INFO] [Status] محطة وقود | activeDevices: 0 | final status: طابور خفيف @ http://localhost:5173/app.js:340
[  626484ms] [INFO] [Status] محطة وقود الخبولي | activeDevices: 0 | final status: طابور خفيف @ http://localhost:5173/app.js:340
[  626484ms] [INFO] [Status] محطة وقود | activeDevices: 0 | final status: طابور خفيف @ http://localhost:5173/app.js:340
[  626484ms] [INFO] [Status] محطة وقود | activeDevices: 0 | final status: طابور خفيف @ http://localhost:5173/app.js:340
[  626484ms] [INFO] [Status] محطة وقود | activeDevices: 0 | final status: طابور خفيف @ http://localhost:5173/app.js:340
[  626484ms] [INFO] [Status] محطة وقود | activeDevices: 0 | final status: طابور خفيف @ http://localhost:5173/app.js:340
[  626484ms] [INFO] [Status] أويليبيا | activeDevices: 0 | final status: طابور خفيف @ http://localhost:5173/app.js:340
[  626484ms] [INFO] [Status] محطة وقود | activeDevices: 0 | final status: طابور خفيف @ http://localhost:5173/app.js:340
[  626484ms] [INFO] [Status] أويليبيا | activeDevices: 0 | final status: طابور خفيف @ http://localhost:5173/app.js:340
[  626484ms] [INFO] [Status] محطة توزيع غاز | activeDevices: 0 | final status: طابور خفيف @ http://localhost:5173/app.js:340
[  626484ms] [INFO] [Status] محطة وقود | activeDevices: 0 | final status: طابور خفيف @ http://localhost:5173/app.js:340
[  626484ms] [INFO] [Status] محطة وقود غير مسماة - node/12492729341 | activeDevices: 0 | final status: طابور خفيف @ http://localhost:5173/app.js:340
[  626484ms] [INFO] [Status] محطة وقود | activeDevices: 0 | final status: طابور خفيف @ http://localhost:5173/app.js:340
[  626485ms] [INFO] [Status] محطة وقود | activeDevices: 0 | final status: طابور خفيف @ http://localhost:5173/app.js:340
[  626485ms] [INFO] [Status] غاز بنبلي | activeDevices: 0 | final status: طابور خفيف @ http://localhost:5173/app.js:340
[  626485ms] [INFO] [Status] محطة وقود البوعيشي | activeDevices: 0 | final status: طابور خفيف @ http://localhost:5173/app.js:340
[  626485ms] [INFO] [Status] محطة وقود اسبان | activeDevices: 0 | final status: طابور خفيف @ http://localhost:5173/app.js:340
[  626485ms] [INFO] [Status] محطة وقود اسبان | activeDevices: 0 | final status: طابور خفيف @ http://localhost:5173/app.js:340
[  626485ms] [INFO] [Status] محطة وقود أحمد محمود | activeDevices: 0 | final status: طابور خفيف @ http://localhost:5173/app.js:340
[  626485ms] [INFO] [Status] محطة وقود المشري | activeDevices: 0 | final status: طابور خفيف @ http://localhost:5173/app.js:340
[  626485ms] [INFO] [Status] محطة وقود تاجواء الوسط | activeDevices: 0 | final status: طابور خفيف @ http://localhost:5173/app.js:340
[  626485ms] [INFO] [Status] محطة وقود | activeDevices: 0 | final status: طابور خفيف @ http://localhost:5173/app.js:340
[  626485ms] [INFO] [Status] محطة وقود | activeDevices: 0 | final status: مسكر @ http://localhost:5173/app.js:340
[  626485ms] [INFO] [Status] محطة وقود الشعافي | activeDevices: 0 | final status: طابور خفيف @ http://localhost:5173/app.js:340
[  626485ms] [INFO] [Status] محطة وقود السويحلي | activeDevices: 0 | final status: مسكر @ http://localhost:5173/app.js:340
[  626485ms] [INFO] [Status] محطة وقود | activeDevices: 0 | final status: طابور خفيف @ http://localhost:5173/app.js:340
[  626485ms] [INFO] [Status] محطة وقود | activeDevices: 0 | final status: عالبومبة طول @ http://localhost:5173/app.js:340
[  626485ms] [INFO] [Status] محطة وقود | activeDevices: 0 | final status: طابور خفيف @ http://localhost:5173/app.js:340
[  626485ms] [INFO] [Status] محطة وقود غوط الشعال | activeDevices: 0 | final status: طابور خفيف @ http://localhost:5173/app.js:340
[  626485ms] [INFO] [Status] محطة وقود | activeDevices: 0 | final status: طابور خفيف @ http://localhost:5173/app.js:340
[  626485ms] [INFO] [Status] محطة ابو نواس | activeDevices: 0 | final status: طابور خفيف @ http://localhost:5173/app.js:340
[  626485ms] [INFO] [Status] محطة وقود بير | activeDevices: 0 | final status: طابور خفيف @ http://localhost:5173/app.js:340
[  626485ms] [INFO] [Status] محطة وقود ابونواس | activeDevices: 0 | final status: طابور خفيف @ http://localhost:5173/app.js:340
[  626485ms] [INFO] [Status] محطة وقود القاضي | activeDevices: 0 | final status: طابور خفيف @ http://localhost:5173/app.js:340
[  626485ms] [INFO] [Status] محطة وقود | activeDevices: 0 | final status: طابور خفيف @ http://localhost:5173/app.js:340
[  626485ms] [INFO] [Status] محطة وقود | activeDevices: 0 | final status: طابور خفيف @ http://localhost:5173/app.js:340
[  626485ms] [INFO] [Status] محطة وقود غير مسماة - way/569303812 | activeDevices: 0 | final status: طابور خفيف @ http://localhost:5173/app.js:340
[  626485ms] [INFO] [Status] Oilibya | activeDevices: 0 | final status: طابور خفيف @ http://localhost:5173/app.js:340
[  626485ms] [INFO] [Status] محطة وقود الضواحي ⛽ | activeDevices: 0 | final status: طابور خفيف @ http://localhost:5173/app.js:340
[  626485ms] [INFO] [Status] محطة وقود | activeDevices: 0 | final status: طابور خفيف @ http://localhost:5173/app.js:340
[  626485ms] [INFO] [Status] محطة وقود / شيل الرقبة | activeDevices: 0 | final status: طابور خفيف @ http://localhost:5173/app.js:340
[  626485ms] [INFO] [Status] محطة وقود | activeDevices: 0 | final status: طابور خفيف @ http://localhost:5173/app.js:340
[  626486ms] [INFO] [Status] موزع غاز حكومي | activeDevices: 0 | final status: طابور خفيف @ http://localhost:5173/app.js:340
[  626486ms] [INFO] [Status] محطة وقود | activeDevices: 0 | final status: طابور خفيف @ http://localhost:5173/app.js:340
[  626486ms] [INFO] [Status] محطة وقود بن غرسة | activeDevices: 0 | final status: طابور خفيف @ http://localhost:5173/app.js:340
[  626486ms] [INFO] [Status] محطة وقود | activeDevices: 0 | final status: طابور خفيف @ http://localhost:5173/app.js:340
[  626486ms] [INFO] [Status] تحت الانشاء | activeDevices: 0 | final status: طابور خفيف @ http://localhost:5173/app.js:340
[  626486ms] [INFO] [Status] محطة وقود | activeDevices: 0 | final status: طابور خفيف @ http://localhost:5173/app.js:340
[  626486ms] [INFO] [Status] محطة وقود السلامة | activeDevices: 0 | final status: زحمة @ http://localhost:5173/app.js:340
[  626486ms] [INFO] [Status] محطة وقود | activeDevices: 0 | final status: طابور خفيف @ http://localhost:5173/app.js:340
[  626486ms] [INFO] [Status] محطة وقود | activeDevices: 0 | final status: طابور خفيف @ http://localhost:5173/app.js:340
[  626486ms] [INFO] [Status] محطة وقود غير مسماة - way/569420777 | activeDevices: 0 | final status: زحمة @ http://localhost:5173/app.js:340
[  626486ms] [INFO] [Status] محطة وقود الحبايبية | activeDevices: 0 | final status: عالبومبة طول @ http://localhost:5173/app.js:340
[  626486ms] [INFO] [Status] محطة وقود الرحمة | activeDevices: 0 | final status: طابور خفيف @ http://localhost:5173/app.js:340
[  626486ms] [INFO] [Status] محطة وقود | activeDevices: 0 | final status: طابور خفيف @ http://localhost:5173/app.js:340
[  626486ms] [INFO] [Status] محطة وقود السراج | activeDevices: 0 | final status: طابور خفيف @ http://localhost:5173/app.js:340
[  626486ms] [INFO] [Status] محطة وقود | activeDevices: 0 | final status: طابور خفيف @ http://localhost:5173/app.js:340
[  626486ms] [INFO] [Status] محطه شركة السلام - ليبيا نفط | activeDevices: 0 | final status: طابور خفيف @ http://localhost:5173/app.js:340
[  626486ms] [INFO] [Status] محطة وقود | activeDevices: 0 | final status: طابور خفيف @ http://localhost:5173/app.js:340
[  626486ms] [INFO] [Status] محطة وقود فتروش | activeDevices: 0 | final status: طابور خفيف @ http://localhost:5173/app.js:340
[  626486ms] [INFO] [Status] محطة وقود غير مسماة - way/875267927 | activeDevices: 0 | final status: طابور خفيف @ http://localhost:5173/app.js:340
[  626486ms] [INFO] [Status] محطة وقود بير العالم | activeDevices: 0 | final status: طابور خفيف @ http://localhost:5173/app.js:340
[  626486ms] [INFO] [Status] محطة وقود كرواط | activeDevices: 0 | final status: طابور خفيف @ http://localhost:5173/app.js:340
[  626486ms] [INFO] [Status] محطة وقود | activeDevices: 0 | final status: طابور خفيف @ http://localhost:5173/app.js:340
[  626486ms] [INFO] [Status] محطة وقود | activeDevices: 0 | final status: طابور خفيف @ http://localhost:5173/app.js:340
[  626486ms] [INFO] [Status] محطة وقود بير العالم | activeDevices: 0 | final status: طابور خفيف @ http://localhost:5173/app.js:340
[  626486ms] [INFO] [Status] محطة وقود المقرحي | activeDevices: 0 | final status: طابور خفيف @ http://localhost:5173/app.js:340
[  626486ms] [INFO] [Status] محطة وقود المقرحي | activeDevices: 0 | final status: طابور خفيف @ http://localhost:5173/app.js:340
[  626486ms] [INFO] [Status] محطة وقود الضبيع | activeDevices: 0 | final status: طابور خفيف @ http://localhost:5173/app.js:340
[  626486ms] [INFO] [Status] محطة وقود | activeDevices: 0 | final status: طابور خفيف @ http://localhost:5173/app.js:340
[  626486ms] [INFO] [Status] محطة وقود الشرارة | activeDevices: 0 | final status: طابور خفيف @ http://localhost:5173/app.js:340
[  626486ms] [INFO] [Status] محطة المشاط | activeDevices: 0 | final status: طابور خفيف @ http://localhost:5173/app.js:340
[  626486ms] [INFO] [Status] محطة وقود غير مسماة - node/8014161288 | activeDevices: 0 | final status: طابور خفيف @ http://localhost:5173/app.js:340
[  626486ms] [INFO] [Status] محطة وقود المبدع | activeDevices: 0 | final status: طابور خفيف @ http://localhost:5173/app.js:340
[  626486ms] [INFO] [Status] محطة وقود | activeDevices: 0 | final status: طابور خفيف @ http://localhost:5173/app.js:340
[  626487ms] [INFO] [Home] total stations loaded: 114, rendered station count: 22, best station found: yes @ http://localhost:5173/app.js:382
[  665956ms] [INFO] [Repository] Presence fetch succeeded. Active rows: 0. @ http://localhost:5173/repository.mjs:186
[  665957ms] [INFO] [Status] محطة وقود الهاني | activeDevices: 0 | final status: طابور خفيف @ http://localhost:5173/app.js:340
[  665957ms] [INFO] [Status] مستودع الغاز الهاني | activeDevices: 0 | final status: زحمة @ http://localhost:5173/app.js:340
[  665957ms] [INFO] [Status] محطة وقود | activeDevices: 0 | final status: طابور خفيف @ http://localhost:5173/app.js:340
[  665957ms] [INFO] [Status] محطة وقود | activeDevices: 0 | final status: طابور خفيف @ http://localhost:5173/app.js:340
[  665957ms] [INFO] [Status] محطة وقود | activeDevices: 0 | final status: طابور خفيف @ http://localhost:5173/app.js:340
[  665957ms] [INFO] [Status] Oilibya | activeDevices: 0 | final status: طابور خفيف @ http://localhost:5173/app.js:340
[  665957ms] [INFO] [Status] موزع غاز الطهي | activeDevices: 0 | final status: طابور خفيف @ http://localhost:5173/app.js:340
[  665957ms] [INFO] [Status] موزع غاز | activeDevices: 0 | final status: طابور خفيف @ http://localhost:5173/app.js:340
[  665957ms] [INFO] [Status] شركة البريقة لتسويق النفط مستودع الهاني | activeDevices: 0 | final status: طابور خفيف @ http://localhost:5173/app.js:340
[  665957ms] [INFO] [Status] محطة وقود ابوستة | activeDevices: 0 | final status: طابور خفيف @ http://localhost:5173/app.js:340
[  665957ms] [INFO] [Status] محطة وقود الشرارة | activeDevices: 0 | final status: طابور خفيف @ http://localhost:5173/app.js:340
[  665957ms] [INFO] [Status] محطة وقود بن عاشور | activeDevices: 0 | final status: زحمة @ http://localhost:5173/app.js:340
[  665957ms] [INFO] [Status] محطة وقود زاوية الدهماني | activeDevices: 0 | final status: طابور خفيف @ http://localhost:5173/app.js:340
[  665957ms] [INFO] [Status] محطة زاوية الدهماني للوقود | activeDevices: 0 | final status: طابور خفيف @ http://localhost:5173/app.js:340
[  665957ms] [INFO] [Status] Oilibya | activeDevices: 0 | final status: طابور خفيف @ http://localhost:5173/app.js:340
[  665957ms] [INFO] [Status] محطة وقود باب بن غشير | activeDevices: 0 | final status: طابور خفيف @ http://localhost:5173/app.js:340
[  665957ms] [INFO] [Status] محطة وقود | activeDevices: 0 | final status: طابور خفيف @ http://localhost:5173/app.js:340
[  665957ms] [INFO] [Status] محطة وقود الشرقية | activeDevices: 0 | final status: طابور خفيف @ http://localhost:5173/app.js:340
[  665957ms] [INFO] [Status] محطة وقود عرادة | activeDevices: 0 | final status: طابور خفيف @ http://localhost:5173/app.js:340
[  665957ms] [INFO] [Status] محطة وقود | activeDevices: 0 | final status: طابور خفيف @ http://localhost:5173/app.js:340
[  665957ms] [INFO] [Status] محطة وقود الهضبة | activeDevices: 0 | final status: طابور خفيف @ http://localhost:5173/app.js:340
[  665957ms] [INFO] [Status] محطة وقود غير مسماة - node/10051127673 | activeDevices: 0 | final status: طابور خفيف @ http://localhost:5173/app.js:340
[  665957ms] [INFO] [Status] محطة وقود | activeDevices: 0 | final status: طابور خفيف @ http://localhost:5173/app.js:340
[  665957ms] [INFO] [Status] محطة وقود شارع الصريم | activeDevices: 0 | final status: طابور خفيف @ http://localhost:5173/app.js:340
[  665957ms] [INFO] [Status] محطة وقود بركة | activeDevices: 0 | final status: طابور خفيف @ http://localhost:5173/app.js:340
[  665957ms] [INFO] [Status] محطة وقود | activeDevices: 0 | final status: طابور خفيف @ http://localhost:5173/app.js:340
[  665957ms] [INFO] [Status] محطة وقود الفلاح | activeDevices: 0 | final status: طابور خفيف @ http://localhost:5173/app.js:340
[  665957ms] [INFO] [Status] محطة وقود المنصورة | activeDevices: 0 | final status: طابور خفيف @ http://localhost:5173/app.js:340
[  665957ms] [INFO] [Status] محطة وقود أبوسليم | activeDevices: 0 | final status: طابور خفيف @ http://localhost:5173/app.js:340
[  665957ms] [INFO] [Status] محطة وقود السدرة -الراحلة | activeDevices: 0 | final status: طابور خفيف @ http://localhost:5173/app.js:340
[  665957ms] [INFO] [Status] محطة وقود | activeDevices: 0 | final status: طابور خفيف @ http://localhost:5173/app.js:340
[  665957ms] [INFO] [Status] محطة وقود طريق المشتل | activeDevices: 0 | final status: طابور خفيف @ http://localhost:5173/app.js:340
[  665957ms] [INFO] [Status] محطة وقود الراحلة | activeDevices: 0 | final status: عالبومبة طول @ http://localhost:5173/app.js:340
[  665958ms] [INFO] [Status] محطة وقود | activeDevices: 0 | final status: طابور خفيف @ http://localhost:5173/app.js:340
[  665958ms] [INFO] [Status] محطة وقود السويحلي | activeDevices: 0 | final status: طابور خفيف @ http://localhost:5173/app.js:340
[  665958ms] [INFO] [Status] محطة وقود الفلاح | activeDevices: 0 | final status: طابور خفيف @ http://localhost:5173/app.js:340
[  665958ms] [INFO] [Status] محطة وقود البيفي | activeDevices: 0 | final status: طابور خفيف @ http://localhost:5173/app.js:340
[  665958ms] [INFO] [Status] محطة وقود / برقان | activeDevices: 0 | final status: طابور خفيف @ http://localhost:5173/app.js:340
[  665958ms] [INFO] [Status] محطة وقود / الجبو | activeDevices: 0 | final status: طابور خفيف @ http://localhost:5173/app.js:340
[  665958ms] [INFO] [Status] محطة وقود | activeDevices: 0 | final status: طابور خفيف @ http://localhost:5173/app.js:340
[  665958ms] [INFO] [Status] محطة وقود الخبولي | activeDevices: 0 | final status: طابور خفيف @ http://localhost:5173/app.js:340
[  665958ms] [INFO] [Status] محطة وقود | activeDevices: 0 | final status: طابور خفيف @ http://localhost:5173/app.js:340
[  665958ms] [INFO] [Status] محطة وقود | activeDevices: 0 | final status: طابور خفيف @ http://localhost:5173/app.js:340
[  665958ms] [INFO] [Status] محطة وقود | activeDevices: 0 | final status: طابور خفيف @ http://localhost:5173/app.js:340
[  665958ms] [INFO] [Status] محطة وقود | activeDevices: 0 | final status: طابور خفيف @ http://localhost:5173/app.js:340
[  665958ms] [INFO] [Status] أويليبيا | activeDevices: 0 | final status: طابور خفيف @ http://localhost:5173/app.js:340
[  665958ms] [INFO] [Status] محطة وقود | activeDevices: 0 | final status: طابور خفيف @ http://localhost:5173/app.js:340
[  665958ms] [INFO] [Status] أويليبيا | activeDevices: 0 | final status: طابور خفيف @ http://localhost:5173/app.js:340
[  665958ms] [INFO] [Status] محطة توزيع غاز | activeDevices: 0 | final status: طابور خفيف @ http://localhost:5173/app.js:340
[  665958ms] [INFO] [Status] محطة وقود | activeDevices: 0 | final status: طابور خفيف @ http://localhost:5173/app.js:340
[  665958ms] [INFO] [Status] محطة وقود غير مسماة - node/12492729341 | activeDevices: 0 | final status: طابور خفيف @ http://localhost:5173/app.js:340
[  665958ms] [INFO] [Status] محطة وقود | activeDevices: 0 | final status: طابور خفيف @ http://localhost:5173/app.js:340
[  665958ms] [INFO] [Status] محطة وقود | activeDevices: 0 | final status: طابور خفيف @ http://localhost:5173/app.js:340
[  665958ms] [INFO] [Status] غاز بنبلي | activeDevices: 0 | final status: طابور خفيف @ http://localhost:5173/app.js:340
[  665958ms] [INFO] [Status] محطة وقود البوعيشي | activeDevices: 0 | final status: طابور خفيف @ http://localhost:5173/app.js:340
[  665958ms] [INFO] [Status] محطة وقود اسبان | activeDevices: 0 | final status: طابور خفيف @ http://localhost:5173/app.js:340
[  665958ms] [INFO] [Status] محطة وقود اسبان | activeDevices: 0 | final status: طابور خفيف @ http://localhost:5173/app.js:340
[  665958ms] [INFO] [Status] محطة وقود أحمد محمود | activeDevices: 0 | final status: طابور خفيف @ http://localhost:5173/app.js:340
[  665958ms] [INFO] [Status] محطة وقود المشري | activeDevices: 0 | final status: طابور خفيف @ http://localhost:5173/app.js:340
[  665958ms] [INFO] [Status] محطة وقود تاجواء الوسط | activeDevices: 0 | final status: طابور خفيف @ http://localhost:5173/app.js:340
[  665958ms] [INFO] [Status] محطة وقود | activeDevices: 0 | final status: طابور خفيف @ http://localhost:5173/app.js:340
[  665959ms] [INFO] [Status] محطة وقود | activeDevices: 0 | final status: مسكر @ http://localhost:5173/app.js:340
[  665959ms] [INFO] [Status] محطة وقود الشعافي | activeDevices: 0 | final status: طابور خفيف @ http://localhost:5173/app.js:340
[  665959ms] [INFO] [Status] محطة وقود السويحلي | activeDevices: 0 | final status: مسكر @ http://localhost:5173/app.js:340
[  665959ms] [INFO] [Status] محطة وقود | activeDevices: 0 | final status: طابور خفيف @ http://localhost:5173/app.js:340
[  665959ms] [INFO] [Status] محطة وقود | activeDevices: 0 | final status: عالبومبة طول @ http://localhost:5173/app.js:340
[  665959ms] [INFO] [Status] محطة وقود | activeDevices: 0 | final status: طابور خفيف @ http://localhost:5173/app.js:340
[  665959ms] [INFO] [Status] محطة وقود غوط الشعال | activeDevices: 0 | final status: طابور خفيف @ http://localhost:5173/app.js:340
[  665959ms] [INFO] [Status] محطة وقود | activeDevices: 0 | final status: طابور خفيف @ http://localhost:5173/app.js:340
[  665959ms] [INFO] [Status] محطة ابو نواس | activeDevices: 0 | final status: طابور خفيف @ http://localhost:5173/app.js:340
[  665959ms] [INFO] [Status] محطة وقود بير | activeDevices: 0 | final status: طابور خفيف @ http://localhost:5173/app.js:340
[  665959ms] [INFO] [Status] محطة وقود ابونواس | activeDevices: 0 | final status: طابور خفيف @ http://localhost:5173/app.js:340
[  665959ms] [INFO] [Status] محطة وقود القاضي | activeDevices: 0 | final status: طابور خفيف @ http://localhost:5173/app.js:340
[  665959ms] [INFO] [Status] محطة وقود | activeDevices: 0 | final status: طابور خفيف @ http://localhost:5173/app.js:340
[  665959ms] [INFO] [Status] محطة وقود | activeDevices: 0 | final status: طابور خفيف @ http://localhost:5173/app.js:340
[  665959ms] [INFO] [Status] محطة وقود غير مسماة - way/569303812 | activeDevices: 0 | final status: طابور خفيف @ http://localhost:5173/app.js:340
[  665959ms] [INFO] [Status] Oilibya | activeDevices: 0 | final status: طابور خفيف @ http://localhost:5173/app.js:340
[  665959ms] [INFO] [Status] محطة وقود الضواحي ⛽ | activeDevices: 0 | final status: طابور خفيف @ http://localhost:5173/app.js:340
[  665959ms] [INFO] [Status] محطة وقود | activeDevices: 0 | final status: طابور خفيف @ http://localhost:5173/app.js:340
[  665959ms] [INFO] [Status] محطة وقود / شيل الرقبة | activeDevices: 0 | final status: طابور خفيف @ http://localhost:5173/app.js:340
[  665959ms] [INFO] [Status] محطة وقود | activeDevices: 0 | final status: طابور خفيف @ http://localhost:5173/app.js:340
[  665959ms] [INFO] [Status] موزع غاز حكومي | activeDevices: 0 | final status: طابور خفيف @ http://localhost:5173/app.js:340
[  665959ms] [INFO] [Status] محطة وقود | activeDevices: 0 | final status: طابور خفيف @ http://localhost:5173/app.js:340
[  665959ms] [INFO] [Status] محطة وقود بن غرسة | activeDevices: 0 | final status: طابور خفيف @ http://localhost:5173/app.js:340
[  665959ms] [INFO] [Status] محطة وقود | activeDevices: 0 | final status: طابور خفيف @ http://localhost:5173/app.js:340
[  665959ms] [INFO] [Status] تحت الانشاء | activeDevices: 0 | final status: طابور خفيف @ http://localhost:5173/app.js:340
[  665959ms] [INFO] [Status] محطة وقود | activeDevices: 0 | final status: طابور خفيف @ http://localhost:5173/app.js:340
[  665959ms] [INFO] [Status] محطة وقود السلامة | activeDevices: 0 | final status: زحمة @ http://localhost:5173/app.js:340
[  665959ms] [INFO] [Status] محطة وقود | activeDevices: 0 | final status: طابور خفيف @ http://localhost:5173/app.js:340
[  665959ms] [INFO] [Status] محطة وقود | activeDevices: 0 | final status: طابور خفيف @ http://localhost:5173/app.js:340
[  665959ms] [INFO] [Status] محطة وقود غير مسماة - way/569420777 | activeDevices: 0 | final status: زحمة @ http://localhost:5173/app.js:340
[  665959ms] [INFO] [Status] محطة وقود الحبايبية | activeDevices: 0 | final status: عالبومبة طول @ http://localhost:5173/app.js:340
[  665959ms] [INFO] [Status] محطة وقود الرحمة | activeDevices: 0 | final status: طابور خفيف @ http://localhost:5173/app.js:340
[  665959ms] [INFO] [Status] محطة وقود | activeDevices: 0 | final status: طابور خفيف @ http://localhost:5173/app.js:340
[  665959ms] [INFO] [Status] محطة وقود السراج | activeDevices: 0 | final status: طابور خفيف @ http://localhost:5173/app.js:340
[  665959ms] [INFO] [Status] محطة وقود | activeDevices: 0 | final status: طابور خفيف @ http://localhost:5173/app.js:340
[  665959ms] [INFO] [Status] محطه شركة السلام - ليبيا نفط | activeDevices: 0 | final status: طابور خفيف @ http://localhost:5173/app.js:340
[  665959ms] [INFO] [Status] محطة وقود | activeDevices: 0 | final status: طابور خفيف @ http://localhost:5173/app.js:340
[  665960ms] [INFO] [Status] محطة وقود فتروش | activeDevices: 0 | final status: طابور خفيف @ http://localhost:5173/app.js:340
[  665960ms] [INFO] [Status] محطة وقود غير مسماة - way/875267927 | activeDevices: 0 | final status: طابور خفيف @ http://localhost:5173/app.js:340
[  665960ms] [INFO] [Status] محطة وقود بير العالم | activeDevices: 0 | final status: طابور خفيف @ http://localhost:5173/app.js:340
[  665960ms] [INFO] [Status] محطة وقود كرواط | activeDevices: 0 | final status: طابور خفيف @ http://localhost:5173/app.js:340
[  665960ms] [INFO] [Status] محطة وقود | activeDevices: 0 | final status: طابور خفيف @ http://localhost:5173/app.js:340
[  665960ms] [INFO] [Status] محطة وقود | activeDevices: 0 | final status: طابور خفيف @ http://localhost:5173/app.js:340
[  665960ms] [INFO] [Status] محطة وقود بير العالم | activeDevices: 0 | final status: طابور خفيف @ http://localhost:5173/app.js:340
[  665960ms] [INFO] [Status] محطة وقود المقرحي | activeDevices: 0 | final status: طابور خفيف @ http://localhost:5173/app.js:340
[  665960ms] [INFO] [Status] محطة وقود المقرحي | activeDevices: 0 | final status: طابور خفيف @ http://localhost:5173/app.js:340
[  665960ms] [INFO] [Status] محطة وقود الضبيع | activeDevices: 0 | final status: طابور خفيف @ http://localhost:5173/app.js:340
[  665960ms] [INFO] [Status] محطة وقود | activeDevices: 0 | final status: طابور خفيف @ http://localhost:5173/app.js:340
[  665960ms] [INFO] [Status] محطة وقود الشرارة | activeDevices: 0 | final status: طابور خفيف @ http://localhost:5173/app.js:340
[  665960ms] [INFO] [Status] محطة المشاط | activeDevices: 0 | final status: طابور خفيف @ http://localhost:5173/app.js:340
[  665960ms] [INFO] [Status] محطة وقود غير مسماة - node/8014161288 | activeDevices: 0 | final status: طابور خفيف @ http://localhost:5173/app.js:340
[  665960ms] [INFO] [Status] محطة وقود المبدع | activeDevices: 0 | final status: طابور خفيف @ http://localhost:5173/app.js:340
[  665960ms] [INFO] [Status] محطة وقود | activeDevices: 0 | final status: طابور خفيف @ http://localhost:5173/app.js:340
[  665960ms] [INFO] [Home] total stations loaded: 114, rendered station count: 22, best station found: yes @ http://localhost:5173/app.js:382
[  678811ms] [INFO] [Status] محطة وقود الهاني | activeDevices: 0 | final status: طابور خفيف @ http://localhost:5173/app.js:340
[  678811ms] [INFO] [Status] مستودع الغاز الهاني | activeDevices: 0 | final status: زحمة @ http://localhost:5173/app.js:340
[  678811ms] [INFO] [Status] محطة وقود | activeDevices: 0 | final status: طابور خفيف @ http://localhost:5173/app.js:340
[  678811ms] [INFO] [Status] محطة وقود | activeDevices: 0 | final status: طابور خفيف @ http://localhost:5173/app.js:340
[  678812ms] [INFO] [Status] محطة وقود | activeDevices: 0 | final status: طابور خفيف @ http://localhost:5173/app.js:340
[  678812ms] [INFO] [Status] Oilibya | activeDevices: 0 | final status: طابور خفيف @ http://localhost:5173/app.js:340
[  678812ms] [INFO] [Status] موزع غاز الطهي | activeDevices: 0 | final status: طابور خفيف @ http://localhost:5173/app.js:340
[  678812ms] [INFO] [Status] موزع غاز | activeDevices: 0 | final status: طابور خفيف @ http://localhost:5173/app.js:340
[  678812ms] [INFO] [Status] شركة البريقة لتسويق النفط مستودع الهاني | activeDevices: 0 | final status: طابور خفيف @ http://localhost:5173/app.js:340
[  678812ms] [INFO] [Status] محطة وقود ابوستة | activeDevices: 0 | final status: طابور خفيف @ http://localhost:5173/app.js:340
[  678812ms] [INFO] [Status] محطة وقود الشرارة | activeDevices: 0 | final status: طابور خفيف @ http://localhost:5173/app.js:340
[  678812ms] [INFO] [Status] محطة وقود بن عاشور | activeDevices: 0 | final status: زحمة @ http://localhost:5173/app.js:340
[  678812ms] [INFO] [Status] محطة وقود زاوية الدهماني | activeDevices: 0 | final status: طابور خفيف @ http://localhost:5173/app.js:340
[  678812ms] [INFO] [Status] محطة زاوية الدهماني للوقود | activeDevices: 0 | final status: طابور خفيف @ http://localhost:5173/app.js:340
[  678812ms] [INFO] [Status] Oilibya | activeDevices: 0 | final status: طابور خفيف @ http://localhost:5173/app.js:340
[  678812ms] [INFO] [Status] محطة وقود باب بن غشير | activeDevices: 0 | final status: طابور خفيف @ http://localhost:5173/app.js:340
[  678812ms] [INFO] [Status] محطة وقود | activeDevices: 0 | final status: طابور خفيف @ http://localhost:5173/app.js:340
[  678812ms] [INFO] [Status] محطة وقود الشرقية | activeDevices: 0 | final status: طابور خفيف @ http://localhost:5173/app.js:340
[  678812ms] [INFO] [Status] محطة وقود عرادة | activeDevices: 0 | final status: طابور خفيف @ http://localhost:5173/app.js:340
[  678812ms] [INFO] [Status] محطة وقود | activeDevices: 0 | final status: طابور خفيف @ http://localhost:5173/app.js:340
[  678812ms] [INFO] [Status] محطة وقود الهضبة | activeDevices: 0 | final status: طابور خفيف @ http://localhost:5173/app.js:340
[  678812ms] [INFO] [Status] محطة وقود غير مسماة - node/10051127673 | activeDevices: 0 | final status: طابور خفيف @ http://localhost:5173/app.js:340
[  678813ms] [INFO] [Status] محطة وقود | activeDevices: 0 | final status: طابور خفيف @ http://localhost:5173/app.js:340
[  678813ms] [INFO] [Status] محطة وقود شارع الصريم | activeDevices: 0 | final status: طابور خفيف @ http://localhost:5173/app.js:340
[  678813ms] [INFO] [Status] محطة وقود بركة | activeDevices: 0 | final status: طابور خفيف @ http://localhost:5173/app.js:340
[  678813ms] [INFO] [Status] محطة وقود | activeDevices: 0 | final status: طابور خفيف @ http://localhost:5173/app.js:340
[  678813ms] [INFO] [Status] محطة وقود الفلاح | activeDevices: 0 | final status: طابور خفيف @ http://localhost:5173/app.js:340
[  678813ms] [INFO] [Status] محطة وقود المنصورة | activeDevices: 0 | final status: طابور خفيف @ http://localhost:5173/app.js:340
[  678813ms] [INFO] [Status] محطة وقود أبوسليم | activeDevices: 0 | final status: طابور خفيف @ http://localhost:5173/app.js:340
[  678813ms] [INFO] [Status] محطة وقود السدرة -الراحلة | activeDevices: 0 | final status: طابور خفيف @ http://localhost:5173/app.js:340
[  678813ms] [INFO] [Status] محطة وقود | activeDevices: 0 | final status: طابور خفيف @ http://localhost:5173/app.js:340
[  678813ms] [INFO] [Status] محطة وقود طريق المشتل | activeDevices: 0 | final status: طابور خفيف @ http://localhost:5173/app.js:340
[  678813ms] [INFO] [Status] محطة وقود الراحلة | activeDevices: 0 | final status: عالبومبة طول @ http://localhost:5173/app.js:340
[  678813ms] [INFO] [Status] محطة وقود | activeDevices: 0 | final status: طابور خفيف @ http://localhost:5173/app.js:340
[  678813ms] [INFO] [Status] محطة وقود السويحلي | activeDevices: 0 | final status: طابور خفيف @ http://localhost:5173/app.js:340
[  678813ms] [INFO] [Status] محطة وقود الفلاح | activeDevices: 0 | final status: طابور خفيف @ http://localhost:5173/app.js:340
[  678813ms] [INFO] [Status] محطة وقود البيفي | activeDevices: 0 | final status: طابور خفيف @ http://localhost:5173/app.js:340
[  678813ms] [INFO] [Status] محطة وقود / برقان | activeDevices: 0 | final status: طابور خفيف @ http://localhost:5173/app.js:340
[  678813ms] [INFO] [Status] محطة وقود / الجبو | activeDevices: 0 | final status: طابور خفيف @ http://localhost:5173/app.js:340
[  678813ms] [INFO] [Status] محطة وقود | activeDevices: 0 | final status: طابور خفيف @ http://localhost:5173/app.js:340
[  678813ms] [INFO] [Status] محطة وقود الخبولي | activeDevices: 0 | final status: طابور خفيف @ http://localhost:5173/app.js:340
[  678813ms] [INFO] [Status] محطة وقود | activeDevices: 0 | final status: طابور خفيف @ http://localhost:5173/app.js:340
[  678813ms] [INFO] [Status] محطة وقود | activeDevices: 0 | final status: طابور خفيف @ http://localhost:5173/app.js:340
[  678813ms] [INFO] [Status] محطة وقود | activeDevices: 0 | final status: طابور خفيف @ http://localhost:5173/app.js:340
[  678813ms] [INFO] [Status] محطة وقود | activeDevices: 0 | final status: طابور خفيف @ http://localhost:5173/app.js:340
[  678813ms] [INFO] [Status] أويليبيا | activeDevices: 0 | final status: طابور خفيف @ http://localhost:5173/app.js:340
[  678813ms] [INFO] [Status] محطة وقود | activeDevices: 0 | final status: طابور خفيف @ http://localhost:5173/app.js:340
[  678813ms] [INFO] [Status] أويليبيا | activeDevices: 0 | final status: طابور خفيف @ http://localhost:5173/app.js:340
[  678813ms] [INFO] [Status] محطة توزيع غاز | activeDevices: 0 | final status: طابور خفيف @ http://localhost:5173/app.js:340
[  678813ms] [INFO] [Status] محطة وقود | activeDevices: 0 | final status: طابور خفيف @ http://localhost:5173/app.js:340
[  678814ms] [INFO] [Status] محطة وقود غير مسماة - node/12492729341 | activeDevices: 0 | final status: طابور خفيف @ http://localhost:5173/app.js:340
[  678814ms] [INFO] [Status] محطة وقود | activeDevices: 0 | final status: طابور خفيف @ http://localhost:5173/app.js:340
[  678814ms] [INFO] [Status] محطة وقود | activeDevices: 0 | final status: طابور خفيف @ http://localhost:5173/app.js:340
[  678814ms] [INFO] [Status] غاز بنبلي | activeDevices: 0 | final status: طابور خفيف @ http://localhost:5173/app.js:340
[  678814ms] [INFO] [Status] محطة وقود البوعيشي | activeDevices: 0 | final status: طابور خفيف @ http://localhost:5173/app.js:340
[  678814ms] [INFO] [Status] محطة وقود اسبان | activeDevices: 0 | final status: طابور خفيف @ http://localhost:5173/app.js:340
[  678814ms] [INFO] [Status] محطة وقود اسبان | activeDevices: 0 | final status: طابور خفيف @ http://localhost:5173/app.js:340
[  678814ms] [INFO] [Status] محطة وقود أحمد محمود | activeDevices: 0 | final status: طابور خفيف @ http://localhost:5173/app.js:340
[  678814ms] [INFO] [Status] محطة وقود المشري | activeDevices: 0 | final status: طابور خفيف @ http://localhost:5173/app.js:340
[  678814ms] [INFO] [Status] محطة وقود تاجواء الوسط | activeDevices: 0 | final status: طابور خفيف @ http://localhost:5173/app.js:340
[  678814ms] [INFO] [Status] محطة وقود | activeDevices: 0 | final status: طابور خفيف @ http://localhost:5173/app.js:340
[  678814ms] [INFO] [Status] محطة وقود | activeDevices: 0 | final status: مسكر @ http://localhost:5173/app.js:340
[  678814ms] [INFO] [Status] محطة وقود الشعافي | activeDevices: 0 | final status: طابور خفيف @ http://localhost:5173/app.js:340
[  678814ms] [INFO] [Status] محطة وقود السويحلي | activeDevices: 0 | final status: مسكر @ http://localhost:5173/app.js:340
[  678814ms] [INFO] [Status] محطة وقود | activeDevices: 0 | final status: طابور خفيف @ http://localhost:5173/app.js:340
[  678814ms] [INFO] [Status] محطة وقود | activeDevices: 0 | final status: عالبومبة طول @ http://localhost:5173/app.js:340
[  678814ms] [INFO] [Status] محطة وقود | activeDevices: 0 | final status: طابور خفيف @ http://localhost:5173/app.js:340
[  678814ms] [INFO] [Status] محطة وقود غوط الشعال | activeDevices: 0 | final status: طابور خفيف @ http://localhost:5173/app.js:340
[  678814ms] [INFO] [Status] محطة وقود | activeDevices: 0 | final status: طابور خفيف @ http://localhost:5173/app.js:340
[  678814ms] [INFO] [Status] محطة ابو نواس | activeDevices: 0 | final status: طابور خفيف @ http://localhost:5173/app.js:340
[  678814ms] [INFO] [Status] محطة وقود بير | activeDevices: 0 | final status: طابور خفيف @ http://localhost:5173/app.js:340
[  678814ms] [INFO] [Status] محطة وقود ابونواس | activeDevices: 0 | final status: طابور خفيف @ http://localhost:5173/app.js:340
[  678814ms] [INFO] [Status] محطة وقود القاضي | activeDevices: 0 | final status: طابور خفيف @ http://localhost:5173/app.js:340
[  678814ms] [INFO] [Status] محطة وقود | activeDevices: 0 | final status: طابور خفيف @ http://localhost:5173/app.js:340
[  678814ms] [INFO] [Status] محطة وقود | activeDevices: 0 | final status: طابور خفيف @ http://localhost:5173/app.js:340
[  678814ms] [INFO] [Status] محطة وقود غير مسماة - way/569303812 | activeDevices: 0 | final status: طابور خفيف @ http://localhost:5173/app.js:340
[  678814ms] [INFO] [Status] Oilibya | activeDevices: 0 | final status: طابور خفيف @ http://localhost:5173/app.js:340
[  678814ms] [INFO] [Status] محطة وقود الضواحي ⛽ | activeDevices: 0 | final status: طابور خفيف @ http://localhost:5173/app.js:340
[  678814ms] [INFO] [Status] محطة وقود | activeDevices: 0 | final status: طابور خفيف @ http://localhost:5173/app.js:340
[  678814ms] [INFO] [Status] محطة وقود / شيل الرقبة | activeDevices: 0 | final status: طابور خفيف @ http://localhost:5173/app.js:340
[  678814ms] [INFO] [Status] محطة وقود | activeDevices: 0 | final status: طابور خفيف @ http://localhost:5173/app.js:340
[  678815ms] [INFO] [Status] موزع غاز حكومي | activeDevices: 0 | final status: طابور خفيف @ http://localhost:5173/app.js:340
[  678815ms] [INFO] [Status] محطة وقود | activeDevices: 0 | final status: طابور خفيف @ http://localhost:5173/app.js:340
[  678815ms] [INFO] [Status] محطة وقود بن غرسة | activeDevices: 0 | final status: طابور خفيف @ http://localhost:5173/app.js:340
[  678815ms] [INFO] [Status] محطة وقود | activeDevices: 0 | final status: طابور خفيف @ http://localhost:5173/app.js:340
[  678815ms] [INFO] [Status] تحت الانشاء | activeDevices: 0 | final status: طابور خفيف @ http://localhost:5173/app.js:340
[  678815ms] [INFO] [Status] محطة وقود | activeDevices: 0 | final status: طابور خفيف @ http://localhost:5173/app.js:340
[  678815ms] [INFO] [Status] محطة وقود السلامة | activeDevices: 0 | final status: زحمة @ http://localhost:5173/app.js:340
[  678815ms] [INFO] [Status] محطة وقود | activeDevices: 0 | final status: طابور خفيف @ http://localhost:5173/app.js:340
[  678815ms] [INFO] [Status] محطة وقود | activeDevices: 0 | final status: طابور خفيف @ http://localhost:5173/app.js:340
[  678815ms] [INFO] [Status] محطة وقود غير مسماة - way/569420777 | activeDevices: 0 | final status: زحمة @ http://localhost:5173/app.js:340
[  678815ms] [INFO] [Status] محطة وقود الحبايبية | activeDevices: 0 | final status: عالبومبة طول @ http://localhost:5173/app.js:340
[  678815ms] [INFO] [Status] محطة وقود الرحمة | activeDevices: 0 | final status: طابور خفيف @ http://localhost:5173/app.js:340
[  678815ms] [INFO] [Status] محطة وقود | activeDevices: 0 | final status: طابور خفيف @ http://localhost:5173/app.js:340
[  678815ms] [INFO] [Status] محطة وقود السراج | activeDevices: 0 | final status: طابور خفيف @ http://localhost:5173/app.js:340
[  678815ms] [INFO] [Status] محطة وقود | activeDevices: 0 | final status: طابور خفيف @ http://localhost:5173/app.js:340
[  678815ms] [INFO] [Status] محطه شركة السلام - ليبيا نفط | activeDevices: 0 | final status: طابور خفيف @ http://localhost:5173/app.js:340
[  678815ms] [INFO] [Status] محطة وقود | activeDevices: 0 | final status: طابور خفيف @ http://localhost:5173/app.js:340
[  678815ms] [INFO] [Status] محطة وقود فتروش | activeDevices: 0 | final status: طابور خفيف @ http://localhost:5173/app.js:340
[  678815ms] [INFO] [Status] محطة وقود غير مسماة - way/875267927 | activeDevices: 0 | final status: طابور خفيف @ http://localhost:5173/app.js:340
[  678815ms] [INFO] [Status] محطة وقود بير العالم | activeDevices: 0 | final status: طابور خفيف @ http://localhost:5173/app.js:340
[  678815ms] [INFO] [Status] محطة وقود كرواط | activeDevices: 0 | final status: طابور خفيف @ http://localhost:5173/app.js:340
[  678815ms] [INFO] [Status] محطة وقود | activeDevices: 0 | final status: طابور خفيف @ http://localhost:5173/app.js:340
[  678815ms] [INFO] [Status] محطة وقود | activeDevices: 0 | final status: طابور خفيف @ http://localhost:5173/app.js:340
[  678815ms] [INFO] [Status] محطة وقود بير العالم | activeDevices: 0 | final status: طابور خفيف @ http://localhost:5173/app.js:340
[  678815ms] [INFO] [Status] محطة وقود المقرحي | activeDevices: 0 | final status: طابور خفيف @ http://localhost:5173/app.js:340
[  678815ms] [INFO] [Status] محطة وقود المقرحي | activeDevices: 0 | final status: طابور خفيف @ http://localhost:5173/app.js:340
[  678815ms] [INFO] [Status] محطة وقود الضبيع | activeDevices: 0 | final status: طابور خفيف @ http://localhost:5173/app.js:340
[  678815ms] [INFO] [Status] محطة وقود | activeDevices: 0 | final status: طابور خفيف @ http://localhost:5173/app.js:340
[  678815ms] [INFO] [Status] محطة وقود الشرارة | activeDevices: 0 | final status: طابور خفيف @ http://localhost:5173/app.js:340
[  678815ms] [INFO] [Status] محطة المشاط | activeDevices: 0 | final status: طابور خفيف @ http://localhost:5173/app.js:340
[  678815ms] [INFO] [Status] محطة وقود غير مسماة - node/8014161288 | activeDevices: 0 | final status: طابور خفيف @ http://localhost:5173/app.js:340
[  678815ms] [INFO] [Status] محطة وقود المبدع | activeDevices: 0 | final status: طابور خفيف @ http://localhost:5173/app.js:340
[  678815ms] [INFO] [Status] محطة وقود | activeDevices: 0 | final status: طابور خفيف @ http://localhost:5173/app.js:340
[  678816ms] [INFO] [Home] total stations loaded: 114, rendered station count: 22, best station found: yes @ http://localhost:5173/app.js:382
[  718676ms] [INFO] [Status] محطة وقود الهاني | activeDevices: 0 | final status: طابور خفيف @ http://localhost:5173/app.js:340
[  718676ms] [INFO] [Status] مستودع الغاز الهاني | activeDevices: 0 | final status: زحمة @ http://localhost:5173/app.js:340
[  718676ms] [INFO] [Status] محطة وقود | activeDevices: 0 | final status: طابور خفيف @ http://localhost:5173/app.js:340
[  718676ms] [INFO] [Status] محطة وقود | activeDevices: 0 | final status: طابور خفيف @ http://localhost:5173/app.js:340
[  718676ms] [INFO] [Status] محطة وقود | activeDevices: 0 | final status: طابور خفيف @ http://localhost:5173/app.js:340
[  718676ms] [INFO] [Status] Oilibya | activeDevices: 0 | final status: طابور خفيف @ http://localhost:5173/app.js:340
[  718676ms] [INFO] [Status] موزع غاز الطهي | activeDevices: 0 | final status: طابور خفيف @ http://localhost:5173/app.js:340
[  718676ms] [INFO] [Status] موزع غاز | activeDevices: 0 | final status: طابور خفيف @ http://localhost:5173/app.js:340
[  718676ms] [INFO] [Status] شركة البريقة لتسويق النفط مستودع الهاني | activeDevices: 0 | final status: طابور خفيف @ http://localhost:5173/app.js:340
[  718677ms] [INFO] [Status] محطة وقود ابوستة | activeDevices: 0 | final status: طابور خفيف @ http://localhost:5173/app.js:340
[  718677ms] [INFO] [Status] محطة وقود الشرارة | activeDevices: 0 | final status: طابور خفيف @ http://localhost:5173/app.js:340
[  718677ms] [INFO] [Status] محطة وقود بن عاشور | activeDevices: 0 | final status: زحمة @ http://localhost:5173/app.js:340
[  718677ms] [INFO] [Status] محطة وقود زاوية الدهماني | activeDevices: 0 | final status: طابور خفيف @ http://localhost:5173/app.js:340
[  718677ms] [INFO] [Status] محطة زاوية الدهماني للوقود | activeDevices: 0 | final status: طابور خفيف @ http://localhost:5173/app.js:340
[  718677ms] [INFO] [Status] Oilibya | activeDevices: 0 | final status: طابور خفيف @ http://localhost:5173/app.js:340
[  718677ms] [INFO] [Status] محطة وقود باب بن غشير | activeDevices: 0 | final status: طابور خفيف @ http://localhost:5173/app.js:340
[  718677ms] [INFO] [Status] محطة وقود | activeDevices: 0 | final status: طابور خفيف @ http://localhost:5173/app.js:340
[  718677ms] [INFO] [Status] محطة وقود الشرقية | activeDevices: 0 | final status: طابور خفيف @ http://localhost:5173/app.js:340
[  718677ms] [INFO] [Status] محطة وقود عرادة | activeDevices: 0 | final status: طابور خفيف @ http://localhost:5173/app.js:340
[  718677ms] [INFO] [Status] محطة وقود | activeDevices: 0 | final status: طابور خفيف @ http://localhost:5173/app.js:340
[  718677ms] [INFO] [Status] محطة وقود الهضبة | activeDevices: 0 | final status: طابور خفيف @ http://localhost:5173/app.js:340
[  718677ms] [INFO] [Status] محطة وقود غير مسماة - node/10051127673 | activeDevices: 0 | final status: طابور خفيف @ http://localhost:5173/app.js:340
[  718677ms] [INFO] [Status] محطة وقود | activeDevices: 0 | final status: طابور خفيف @ http://localhost:5173/app.js:340
[  718677ms] [INFO] [Status] محطة وقود شارع الصريم | activeDevices: 0 | final status: طابور خفيف @ http://localhost:5173/app.js:340
[  718677ms] [INFO] [Status] محطة وقود بركة | activeDevices: 0 | final status: طابور خفيف @ http://localhost:5173/app.js:340
[  718677ms] [INFO] [Status] محطة وقود | activeDevices: 0 | final status: طابور خفيف @ http://localhost:5173/app.js:340
[  718677ms] [INFO] [Status] محطة وقود الفلاح | activeDevices: 0 | final status: طابور خفيف @ http://localhost:5173/app.js:340
[  718677ms] [INFO] [Status] محطة وقود المنصورة | activeDevices: 0 | final status: طابور خفيف @ http://localhost:5173/app.js:340
[  718677ms] [INFO] [Status] محطة وقود أبوسليم | activeDevices: 0 | final status: طابور خفيف @ http://localhost:5173/app.js:340
[  718677ms] [INFO] [Status] محطة وقود السدرة -الراحلة | activeDevices: 0 | final status: طابور خفيف @ http://localhost:5173/app.js:340
[  718677ms] [INFO] [Status] محطة وقود | activeDevices: 0 | final status: طابور خفيف @ http://localhost:5173/app.js:340
[  718677ms] [INFO] [Status] محطة وقود طريق المشتل | activeDevices: 0 | final status: طابور خفيف @ http://localhost:5173/app.js:340
[  718677ms] [INFO] [Status] محطة وقود الراحلة | activeDevices: 0 | final status: عالبومبة طول @ http://localhost:5173/app.js:340
[  718678ms] [INFO] [Status] محطة وقود | activeDevices: 0 | final status: طابور خفيف @ http://localhost:5173/app.js:340
[  718678ms] [INFO] [Status] محطة وقود السويحلي | activeDevices: 0 | final status: طابور خفيف @ http://localhost:5173/app.js:340
[  718678ms] [INFO] [Status] محطة وقود الفلاح | activeDevices: 0 | final status: طابور خفيف @ http://localhost:5173/app.js:340
[  718678ms] [INFO] [Status] محطة وقود البيفي | activeDevices: 0 | final status: طابور خفيف @ http://localhost:5173/app.js:340
[  718678ms] [INFO] [Status] محطة وقود / برقان | activeDevices: 0 | final status: طابور خفيف @ http://localhost:5173/app.js:340
[  718678ms] [INFO] [Status] محطة وقود / الجبو | activeDevices: 0 | final status: طابور خفيف @ http://localhost:5173/app.js:340
[  718678ms] [INFO] [Status] محطة وقود | activeDevices: 0 | final status: طابور خفيف @ http://localhost:5173/app.js:340
[  718678ms] [INFO] [Status] محطة وقود الخبولي | activeDevices: 0 | final status: طابور خفيف @ http://localhost:5173/app.js:340
[  718678ms] [INFO] [Status] محطة وقود | activeDevices: 0 | final status: طابور خفيف @ http://localhost:5173/app.js:340
[  718678ms] [INFO] [Status] محطة وقود | activeDevices: 0 | final status: طابور خفيف @ http://localhost:5173/app.js:340
[  718678ms] [INFO] [Status] محطة وقود | activeDevices: 0 | final status: طابور خفيف @ http://localhost:5173/app.js:340
[  718678ms] [INFO] [Status] محطة وقود | activeDevices: 0 | final status: طابور خفيف @ http://localhost:5173/app.js:340
[  718678ms] [INFO] [Status] أويليبيا | activeDevices: 0 | final status: طابور خفيف @ http://localhost:5173/app.js:340
[  718678ms] [INFO] [Status] محطة وقود | activeDevices: 0 | final status: طابور خفيف @ http://localhost:5173/app.js:340
[  718678ms] [INFO] [Status] أويليبيا | activeDevices: 0 | final status: طابور خفيف @ http://localhost:5173/app.js:340
[  718678ms] [INFO] [Status] محطة توزيع غاز | activeDevices: 0 | final status: طابور خفيف @ http://localhost:5173/app.js:340
[  718678ms] [INFO] [Status] محطة وقود | activeDevices: 0 | final status: طابور خفيف @ http://localhost:5173/app.js:340
[  718678ms] [INFO] [Status] محطة وقود غير مسماة - node/12492729341 | activeDevices: 0 | final status: طابور خفيف @ http://localhost:5173/app.js:340
[  718678ms] [INFO] [Status] محطة وقود | activeDevices: 0 | final status: طابور خفيف @ http://localhost:5173/app.js:340
[  718678ms] [INFO] [Status] محطة وقود | activeDevices: 0 | final status: طابور خفيف @ http://localhost:5173/app.js:340
[  718678ms] [INFO] [Status] غاز بنبلي | activeDevices: 0 | final status: طابور خفيف @ http://localhost:5173/app.js:340
[  718678ms] [INFO] [Status] محطة وقود البوعيشي | activeDevices: 0 | final status: طابور خفيف @ http://localhost:5173/app.js:340
[  718678ms] [INFO] [Status] محطة وقود اسبان | activeDevices: 0 | final status: طابور خفيف @ http://localhost:5173/app.js:340
[  718678ms] [INFO] [Status] محطة وقود اسبان | activeDevices: 0 | final status: طابور خفيف @ http://localhost:5173/app.js:340
[  718678ms] [INFO] [Status] محطة وقود أحمد محمود | activeDevices: 0 | final status: طابور خفيف @ http://localhost:5173/app.js:340
[  718679ms] [INFO] [Status] محطة وقود المشري | activeDevices: 0 | final status: طابور خفيف @ http://localhost:5173/app.js:340
[  718679ms] [INFO] [Status] محطة وقود تاجواء الوسط | activeDevices: 0 | final status: طابور خفيف @ http://localhost:5173/app.js:340
[  718679ms] [INFO] [Status] محطة وقود | activeDevices: 0 | final status: طابور خفيف @ http://localhost:5173/app.js:340
[  718679ms] [INFO] [Status] محطة وقود | activeDevices: 0 | final status: مسكر @ http://localhost:5173/app.js:340
[  718679ms] [INFO] [Status] محطة وقود الشعافي | activeDevices: 0 | final status: طابور خفيف @ http://localhost:5173/app.js:340
[  718679ms] [INFO] [Status] محطة وقود السويحلي | activeDevices: 0 | final status: مسكر @ http://localhost:5173/app.js:340
[  718679ms] [INFO] [Status] محطة وقود | activeDevices: 0 | final status: طابور خفيف @ http://localhost:5173/app.js:340
[  718679ms] [INFO] [Status] محطة وقود | activeDevices: 0 | final status: عالبومبة طول @ http://localhost:5173/app.js:340
[  718679ms] [INFO] [Status] محطة وقود | activeDevices: 0 | final status: طابور خفيف @ http://localhost:5173/app.js:340
[  718679ms] [INFO] [Status] محطة وقود غوط الشعال | activeDevices: 0 | final status: طابور خفيف @ http://localhost:5173/app.js:340
[  718679ms] [INFO] [Status] محطة وقود | activeDevices: 0 | final status: طابور خفيف @ http://localhost:5173/app.js:340
[  718679ms] [INFO] [Status] محطة ابو نواس | activeDevices: 0 | final status: طابور خفيف @ http://localhost:5173/app.js:340
[  718679ms] [INFO] [Status] محطة وقود بير | activeDevices: 0 | final status: طابور خفيف @ http://localhost:5173/app.js:340
[  718679ms] [INFO] [Status] محطة وقود ابونواس | activeDevices: 0 | final status: طابور خفيف @ http://localhost:5173/app.js:340
[  718679ms] [INFO] [Status] محطة وقود القاضي | activeDevices: 0 | final status: طابور خفيف @ http://localhost:5173/app.js:340
[  718679ms] [INFO] [Status] محطة وقود | activeDevices: 0 | final status: طابور خفيف @ http://localhost:5173/app.js:340
[  718679ms] [INFO] [Status] محطة وقود | activeDevices: 0 | final status: طابور خفيف @ http://localhost:5173/app.js:340
[  718679ms] [INFO] [Status] محطة وقود غير مسماة - way/569303812 | activeDevices: 0 | final status: طابور خفيف @ http://localhost:5173/app.js:340
[  718679ms] [INFO] [Status] Oilibya | activeDevices: 0 | final status: طابور خفيف @ http://localhost:5173/app.js:340
[  718679ms] [INFO] [Status] محطة وقود الضواحي ⛽ | activeDevices: 0 | final status: طابور خفيف @ http://localhost:5173/app.js:340
[  718679ms] [INFO] [Status] محطة وقود | activeDevices: 0 | final status: طابور خفيف @ http://localhost:5173/app.js:340
[  718679ms] [INFO] [Status] محطة وقود / شيل الرقبة | activeDevices: 0 | final status: طابور خفيف @ http://localhost:5173/app.js:340
[  718679ms] [INFO] [Status] محطة وقود | activeDevices: 0 | final status: طابور خفيف @ http://localhost:5173/app.js:340
[  718679ms] [INFO] [Status] موزع غاز حكومي | activeDevices: 0 | final status: طابور خفيف @ http://localhost:5173/app.js:340
[  718679ms] [INFO] [Status] محطة وقود | activeDevices: 0 | final status: طابور خفيف @ http://localhost:5173/app.js:340
[  718679ms] [INFO] [Status] محطة وقود بن غرسة | activeDevices: 0 | final status: طابور خفيف @ http://localhost:5173/app.js:340
[  718679ms] [INFO] [Status] محطة وقود | activeDevices: 0 | final status: زحمة @ http://localhost:5173/app.js:340
[  718679ms] [INFO] [Status] تحت الانشاء | activeDevices: 0 | final status: طابور خفيف @ http://localhost:5173/app.js:340
[  718679ms] [INFO] [Status] محطة وقود | activeDevices: 0 | final status: طابور خفيف @ http://localhost:5173/app.js:340
[  718679ms] [INFO] [Status] محطة وقود السلامة | activeDevices: 0 | final status: زحمة @ http://localhost:5173/app.js:340
[  718679ms] [INFO] [Status] محطة وقود | activeDevices: 0 | final status: طابور خفيف @ http://localhost:5173/app.js:340
[  718680ms] [INFO] [Status] محطة وقود | activeDevices: 0 | final status: طابور خفيف @ http://localhost:5173/app.js:340
[  718680ms] [INFO] [Status] محطة وقود غير مسماة - way/569420777 | activeDevices: 0 | final status: زحمة @ http://localhost:5173/app.js:340
[  718680ms] [INFO] [Status] محطة وقود الحبايبية | activeDevices: 0 | final status: عالبومبة طول @ http://localhost:5173/app.js:340
[  718680ms] [INFO] [Status] محطة وقود الرحمة | activeDevices: 0 | final status: طابور خفيف @ http://localhost:5173/app.js:340
[  718680ms] [INFO] [Status] محطة وقود | activeDevices: 0 | final status: طابور خفيف @ http://localhost:5173/app.js:340
[  718680ms] [INFO] [Status] محطة وقود السراج | activeDevices: 0 | final status: طابور خفيف @ http://localhost:5173/app.js:340
[  718680ms] [INFO] [Status] محطة وقود | activeDevices: 0 | final status: طابور خفيف @ http://localhost:5173/app.js:340
[  718680ms] [INFO] [Status] محطه شركة السلام - ليبيا نفط | activeDevices: 0 | final status: طابور خفيف @ http://localhost:5173/app.js:340
[  718680ms] [INFO] [Status] محطة وقود | activeDevices: 0 | final status: طابور خفيف @ http://localhost:5173/app.js:340
[  718680ms] [INFO] [Status] محطة وقود فتروش | activeDevices: 0 | final status: طابور خفيف @ http://localhost:5173/app.js:340
[  718680ms] [INFO] [Status] محطة وقود غير مسماة - way/875267927 | activeDevices: 0 | final status: طابور خفيف @ http://localhost:5173/app.js:340
[  718680ms] [INFO] [Status] محطة وقود بير العالم | activeDevices: 0 | final status: طابور خفيف @ http://localhost:5173/app.js:340
[  718680ms] [INFO] [Status] محطة وقود كرواط | activeDevices: 0 | final status: طابور خفيف @ http://localhost:5173/app.js:340
[  718680ms] [INFO] [Status] محطة وقود | activeDevices: 0 | final status: طابور خفيف @ http://localhost:5173/app.js:340
[  718680ms] [INFO] [Status] محطة وقود | activeDevices: 0 | final status: طابور خفيف @ http://localhost:5173/app.js:340
[  718680ms] [INFO] [Status] محطة وقود بير العالم | activeDevices: 0 | final status: طابور خفيف @ http://localhost:5173/app.js:340
[  718680ms] [INFO] [Status] محطة وقود المقرحي | activeDevices: 0 | final status: طابور خفيف @ http://localhost:5173/app.js:340
[  718680ms] [INFO] [Status] محطة وقود المقرحي | activeDevices: 0 | final status: طابور خفيف @ http://localhost:5173/app.js:340
[  718680ms] [INFO] [Status] محطة وقود الضبيع | activeDevices: 0 | final status: طابور خفيف @ http://localhost:5173/app.js:340
[  718680ms] [INFO] [Status] محطة وقود | activeDevices: 0 | final status: طابور خفيف @ http://localhost:5173/app.js:340
[  718680ms] [INFO] [Status] محطة وقود الشرارة | activeDevices: 0 | final status: طابور خفيف @ http://localhost:5173/app.js:340
[  718680ms] [INFO] [Status] محطة المشاط | activeDevices: 0 | final status: طابور خفيف @ http://localhost:5173/app.js:340
[  718680ms] [INFO] [Status] محطة وقود غير مسماة - node/8014161288 | activeDevices: 0 | final status: طابور خفيف @ http://localhost:5173/app.js:340
[  718680ms] [INFO] [Status] محطة وقود المبدع | activeDevices: 0 | final status: طابور خفيف @ http://localhost:5173/app.js:340
[  718680ms] [INFO] [Status] محطة وقود | activeDevices: 0 | final status: طابور خفيف @ http://localhost:5173/app.js:340
[  718681ms] [INFO] [Home] total stations loaded: 114, rendered station count: 22, best station found: yes @ http://localhost:5173/app.js:382
[  725578ms] [INFO] [Repository] Presence fetch succeeded. Active rows: 0. @ http://localhost:5173/repository.mjs:186
[  725579ms] [INFO] [Status] محطة وقود الهاني | activeDevices: 0 | final status: طابور خفيف @ http://localhost:5173/app.js:340
[  725579ms] [INFO] [Status] مستودع الغاز الهاني | activeDevices: 0 | final status: زحمة @ http://localhost:5173/app.js:340
[  725579ms] [INFO] [Status] محطة وقود | activeDevices: 0 | final status: طابور خفيف @ http://localhost:5173/app.js:340
[  725579ms] [INFO] [Status] محطة وقود | activeDevices: 0 | final status: طابور خفيف @ http://localhost:5173/app.js:340
[  725579ms] [INFO] [Status] محطة وقود | activeDevices: 0 | final status: طابور خفيف @ http://localhost:5173/app.js:340
[  725579ms] [INFO] [Status] Oilibya | activeDevices: 0 | final status: طابور خفيف @ http://localhost:5173/app.js:340
[  725579ms] [INFO] [Status] موزع غاز الطهي | activeDevices: 0 | final status: طابور خفيف @ http://localhost:5173/app.js:340
[  725579ms] [INFO] [Status] موزع غاز | activeDevices: 0 | final status: طابور خفيف @ http://localhost:5173/app.js:340
[  725579ms] [INFO] [Status] شركة البريقة لتسويق النفط مستودع الهاني | activeDevices: 0 | final status: طابور خفيف @ http://localhost:5173/app.js:340
[  725579ms] [INFO] [Status] محطة وقود ابوستة | activeDevices: 0 | final status: طابور خفيف @ http://localhost:5173/app.js:340
[  725579ms] [INFO] [Status] محطة وقود الشرارة | activeDevices: 0 | final status: طابور خفيف @ http://localhost:5173/app.js:340
[  725580ms] [INFO] [Status] محطة وقود بن عاشور | activeDevices: 0 | final status: زحمة @ http://localhost:5173/app.js:340
[  725580ms] [INFO] [Status] محطة وقود زاوية الدهماني | activeDevices: 0 | final status: طابور خفيف @ http://localhost:5173/app.js:340
[  725580ms] [INFO] [Status] محطة زاوية الدهماني للوقود | activeDevices: 0 | final status: طابور خفيف @ http://localhost:5173/app.js:340
[  725580ms] [INFO] [Status] Oilibya | activeDevices: 0 | final status: طابور خفيف @ http://localhost:5173/app.js:340
[  725580ms] [INFO] [Status] محطة وقود باب بن غشير | activeDevices: 0 | final status: طابور خفيف @ http://localhost:5173/app.js:340
[  725580ms] [INFO] [Status] محطة وقود | activeDevices: 0 | final status: طابور خفيف @ http://localhost:5173/app.js:340
[  725580ms] [INFO] [Status] محطة وقود الشرقية | activeDevices: 0 | final status: طابور خفيف @ http://localhost:5173/app.js:340
[  725580ms] [INFO] [Status] محطة وقود عرادة | activeDevices: 0 | final status: طابور خفيف @ http://localhost:5173/app.js:340
[  725580ms] [INFO] [Status] محطة وقود | activeDevices: 0 | final status: طابور خفيف @ http://localhost:5173/app.js:340
[  725580ms] [INFO] [Status] محطة وقود الهضبة | activeDevices: 0 | final status: طابور خفيف @ http://localhost:5173/app.js:340
[  725580ms] [INFO] [Status] محطة وقود غير مسماة - node/10051127673 | activeDevices: 0 | final status: طابور خفيف @ http://localhost:5173/app.js:340
[  725580ms] [INFO] [Status] محطة وقود | activeDevices: 0 | final status: طابور خفيف @ http://localhost:5173/app.js:340
[  725580ms] [INFO] [Status] محطة وقود شارع الصريم | activeDevices: 0 | final status: طابور خفيف @ http://localhost:5173/app.js:340
[  725580ms] [INFO] [Status] محطة وقود بركة | activeDevices: 0 | final status: طابور خفيف @ http://localhost:5173/app.js:340
[  725580ms] [INFO] [Status] محطة وقود | activeDevices: 0 | final status: طابور خفيف @ http://localhost:5173/app.js:340
[  725580ms] [INFO] [Status] محطة وقود الفلاح | activeDevices: 0 | final status: طابور خفيف @ http://localhost:5173/app.js:340
[  725580ms] [INFO] [Status] محطة وقود المنصورة | activeDevices: 0 | final status: طابور خفيف @ http://localhost:5173/app.js:340
[  725580ms] [INFO] [Status] محطة وقود أبوسليم | activeDevices: 0 | final status: طابور خفيف @ http://localhost:5173/app.js:340
[  725580ms] [INFO] [Status] محطة وقود السدرة -الراحلة | activeDevices: 0 | final status: طابور خفيف @ http://localhost:5173/app.js:340
[  725580ms] [INFO] [Status] محطة وقود | activeDevices: 0 | final status: طابور خفيف @ http://localhost:5173/app.js:340
[  725580ms] [INFO] [Status] محطة وقود طريق المشتل | activeDevices: 0 | final status: طابور خفيف @ http://localhost:5173/app.js:340
[  725580ms] [INFO] [Status] محطة وقود الراحلة | activeDevices: 0 | final status: عالبومبة طول @ http://localhost:5173/app.js:340
[  725580ms] [INFO] [Status] محطة وقود | activeDevices: 0 | final status: طابور خفيف @ http://localhost:5173/app.js:340
[  725581ms] [INFO] [Status] محطة وقود السويحلي | activeDevices: 0 | final status: طابور خفيف @ http://localhost:5173/app.js:340
[  725581ms] [INFO] [Status] محطة وقود الفلاح | activeDevices: 0 | final status: طابور خفيف @ http://localhost:5173/app.js:340
[  725581ms] [INFO] [Status] محطة وقود البيفي | activeDevices: 0 | final status: طابور خفيف @ http://localhost:5173/app.js:340
[  725581ms] [INFO] [Status] محطة وقود / برقان | activeDevices: 0 | final status: طابور خفيف @ http://localhost:5173/app.js:340
[  725581ms] [INFO] [Status] محطة وقود / الجبو | activeDevices: 0 | final status: طابور خفيف @ http://localhost:5173/app.js:340
[  725581ms] [INFO] [Status] محطة وقود | activeDevices: 0 | final status: طابور خفيف @ http://localhost:5173/app.js:340
[  725581ms] [INFO] [Status] محطة وقود الخبولي | activeDevices: 0 | final status: طابور خفيف @ http://localhost:5173/app.js:340
[  725581ms] [INFO] [Status] محطة وقود | activeDevices: 0 | final status: طابور خفيف @ http://localhost:5173/app.js:340
[  725581ms] [INFO] [Status] محطة وقود | activeDevices: 0 | final status: طابور خفيف @ http://localhost:5173/app.js:340
[  725581ms] [INFO] [Status] محطة وقود | activeDevices: 0 | final status: طابور خفيف @ http://localhost:5173/app.js:340
[  725581ms] [INFO] [Status] محطة وقود | activeDevices: 0 | final status: طابور خفيف @ http://localhost:5173/app.js:340
[  725581ms] [INFO] [Status] أويليبيا | activeDevices: 0 | final status: طابور خفيف @ http://localhost:5173/app.js:340
[  725581ms] [INFO] [Status] محطة وقود | activeDevices: 0 | final status: طابور خفيف @ http://localhost:5173/app.js:340
[  725581ms] [INFO] [Status] أويليبيا | activeDevices: 0 | final status: طابور خفيف @ http://localhost:5173/app.js:340
[  725581ms] [INFO] [Status] محطة توزيع غاز | activeDevices: 0 | final status: طابور خفيف @ http://localhost:5173/app.js:340
[  725581ms] [INFO] [Status] محطة وقود | activeDevices: 0 | final status: طابور خفيف @ http://localhost:5173/app.js:340
[  725581ms] [INFO] [Status] محطة وقود غير مسماة - node/12492729341 | activeDevices: 0 | final status: طابور خفيف @ http://localhost:5173/app.js:340
[  725581ms] [INFO] [Status] محطة وقود | activeDevices: 0 | final status: طابور خفيف @ http://localhost:5173/app.js:340
[  725581ms] [INFO] [Status] محطة وقود | activeDevices: 0 | final status: طابور خفيف @ http://localhost:5173/app.js:340
[  725581ms] [INFO] [Status] غاز بنبلي | activeDevices: 0 | final status: طابور خفيف @ http://localhost:5173/app.js:340
[  725581ms] [INFO] [Status] محطة وقود البوعيشي | activeDevices: 0 | final status: طابور خفيف @ http://localhost:5173/app.js:340
[  725581ms] [INFO] [Status] محطة وقود اسبان | activeDevices: 0 | final status: طابور خفيف @ http://localhost:5173/app.js:340
[  725581ms] [INFO] [Status] محطة وقود اسبان | activeDevices: 0 | final status: طابور خفيف @ http://localhost:5173/app.js:340
[  725581ms] [INFO] [Status] محطة وقود أحمد محمود | activeDevices: 0 | final status: طابور خفيف @ http://localhost:5173/app.js:340
[  725581ms] [INFO] [Status] محطة وقود المشري | activeDevices: 0 | final status: طابور خفيف @ http://localhost:5173/app.js:340
[  725581ms] [INFO] [Status] محطة وقود تاجواء الوسط | activeDevices: 0 | final status: طابور خفيف @ http://localhost:5173/app.js:340
[  725582ms] [INFO] [Status] محطة وقود | activeDevices: 0 | final status: طابور خفيف @ http://localhost:5173/app.js:340
[  725582ms] [INFO] [Status] محطة وقود | activeDevices: 0 | final status: مسكر @ http://localhost:5173/app.js:340
[  725582ms] [INFO] [Status] محطة وقود الشعافي | activeDevices: 0 | final status: طابور خفيف @ http://localhost:5173/app.js:340
[  725582ms] [INFO] [Status] محطة وقود السويحلي | activeDevices: 0 | final status: مسكر @ http://localhost:5173/app.js:340
[  725582ms] [INFO] [Status] محطة وقود | activeDevices: 0 | final status: طابور خفيف @ http://localhost:5173/app.js:340
[  725582ms] [INFO] [Status] محطة وقود | activeDevices: 0 | final status: عالبومبة طول @ http://localhost:5173/app.js:340
[  725582ms] [INFO] [Status] محطة وقود | activeDevices: 0 | final status: طابور خفيف @ http://localhost:5173/app.js:340
[  725582ms] [INFO] [Status] محطة وقود غوط الشعال | activeDevices: 0 | final status: طابور خفيف @ http://localhost:5173/app.js:340
[  725582ms] [INFO] [Status] محطة وقود | activeDevices: 0 | final status: طابور خفيف @ http://localhost:5173/app.js:340
[  725582ms] [INFO] [Status] محطة ابو نواس | activeDevices: 0 | final status: طابور خفيف @ http://localhost:5173/app.js:340
[  725582ms] [INFO] [Status] محطة وقود بير | activeDevices: 0 | final status: طابور خفيف @ http://localhost:5173/app.js:340
[  725582ms] [INFO] [Status] محطة وقود ابونواس | activeDevices: 0 | final status: طابور خفيف @ http://localhost:5173/app.js:340
[  725582ms] [INFO] [Status] محطة وقود القاضي | activeDevices: 0 | final status: طابور خفيف @ http://localhost:5173/app.js:340
[  725582ms] [INFO] [Status] محطة وقود | activeDevices: 0 | final status: طابور خفيف @ http://localhost:5173/app.js:340
[  725582ms] [INFO] [Status] محطة وقود | activeDevices: 0 | final status: طابور خفيف @ http://localhost:5173/app.js:340
[  725582ms] [INFO] [Status] محطة وقود غير مسماة - way/569303812 | activeDevices: 0 | final status: طابور خفيف @ http://localhost:5173/app.js:340
[  725582ms] [INFO] [Status] Oilibya | activeDevices: 0 | final status: طابور خفيف @ http://localhost:5173/app.js:340
[  725582ms] [INFO] [Status] محطة وقود الضواحي ⛽ | activeDevices: 0 | final status: طابور خفيف @ http://localhost:5173/app.js:340
[  725582ms] [INFO] [Status] محطة وقود | activeDevices: 0 | final status: طابور خفيف @ http://localhost:5173/app.js:340
[  725582ms] [INFO] [Status] محطة وقود / شيل الرقبة | activeDevices: 0 | final status: طابور خفيف @ http://localhost:5173/app.js:340
[  725582ms] [INFO] [Status] محطة وقود | activeDevices: 0 | final status: طابور خفيف @ http://localhost:5173/app.js:340
[  725582ms] [INFO] [Status] موزع غاز حكومي | activeDevices: 0 | final status: طابور خفيف @ http://localhost:5173/app.js:340
[  725582ms] [INFO] [Status] محطة وقود | activeDevices: 0 | final status: طابور خفيف @ http://localhost:5173/app.js:340
[  725582ms] [INFO] [Status] محطة وقود بن غرسة | activeDevices: 0 | final status: طابور خفيف @ http://localhost:5173/app.js:340
[  725582ms] [INFO] [Status] محطة وقود | activeDevices: 0 | final status: زحمة @ http://localhost:5173/app.js:340
[  725582ms] [INFO] [Status] تحت الانشاء | activeDevices: 0 | final status: طابور خفيف @ http://localhost:5173/app.js:340
[  725582ms] [INFO] [Status] محطة وقود | activeDevices: 0 | final status: طابور خفيف @ http://localhost:5173/app.js:340
[  725582ms] [INFO] [Status] محطة وقود السلامة | activeDevices: 0 | final status: زحمة @ http://localhost:5173/app.js:340
[  725582ms] [INFO] [Status] محطة وقود | activeDevices: 0 | final status: طابور خفيف @ http://localhost:5173/app.js:340
[  725582ms] [INFO] [Status] محطة وقود | activeDevices: 0 | final status: طابور خفيف @ http://localhost:5173/app.js:340
[  725582ms] [INFO] [Status] محطة وقود غير مسماة - way/569420777 | activeDevices: 0 | final status: زحمة @ http://localhost:5173/app.js:340
[  725582ms] [INFO] [Status] محطة وقود الحبايبية | activeDevices: 0 | final status: عالبومبة طول @ http://localhost:5173/app.js:340
[  725582ms] [INFO] [Status] محطة وقود الرحمة | activeDevices: 0 | final status: طابور خفيف @ http://localhost:5173/app.js:340
[  725583ms] [INFO] [Status] محطة وقود | activeDevices: 0 | final status: طابور خفيف @ http://localhost:5173/app.js:340
[  725583ms] [INFO] [Status] محطة وقود السراج | activeDevices: 0 | final status: طابور خفيف @ http://localhost:5173/app.js:340
[  725583ms] [INFO] [Status] محطة وقود | activeDevices: 0 | final status: طابور خفيف @ http://localhost:5173/app.js:340
[  725583ms] [INFO] [Status] محطه شركة السلام - ليبيا نفط | activeDevices: 0 | final status: طابور خفيف @ http://localhost:5173/app.js:340
[  725583ms] [INFO] [Status] محطة وقود | activeDevices: 0 | final status: طابور خفيف @ http://localhost:5173/app.js:340
[  725583ms] [INFO] [Status] محطة وقود فتروش | activeDevices: 0 | final status: طابور خفيف @ http://localhost:5173/app.js:340
[  725583ms] [INFO] [Status] محطة وقود غير مسماة - way/875267927 | activeDevices: 0 | final status: طابور خفيف @ http://localhost:5173/app.js:340
[  725583ms] [INFO] [Status] محطة وقود بير العالم | activeDevices: 0 | final status: طابور خفيف @ http://localhost:5173/app.js:340
[  725583ms] [INFO] [Status] محطة وقود كرواط | activeDevices: 0 | final status: طابور خفيف @ http://localhost:5173/app.js:340
[  725583ms] [INFO] [Status] محطة وقود | activeDevices: 0 | final status: طابور خفيف @ http://localhost:5173/app.js:340
[  725583ms] [INFO] [Status] محطة وقود | activeDevices: 0 | final status: طابور خفيف @ http://localhost:5173/app.js:340
[  725583ms] [INFO] [Status] محطة وقود بير العالم | activeDevices: 0 | final status: طابور خفيف @ http://localhost:5173/app.js:340
[  725583ms] [INFO] [Status] محطة وقود المقرحي | activeDevices: 0 | final status: طابور خفيف @ http://localhost:5173/app.js:340
[  725583ms] [INFO] [Status] محطة وقود المقرحي | activeDevices: 0 | final status: طابور خفيف @ http://localhost:5173/app.js:340
[  725583ms] [INFO] [Status] محطة وقود الضبيع | activeDevices: 0 | final status: طابور خفيف @ http://localhost:5173/app.js:340
[  725583ms] [INFO] [Status] محطة وقود | activeDevices: 0 | final status: طابور خفيف @ http://localhost:5173/app.js:340
[  725583ms] [INFO] [Status] محطة وقود الشرارة | activeDevices: 0 | final status: طابور خفيف @ http://localhost:5173/app.js:340
[  725583ms] [INFO] [Status] محطة المشاط | activeDevices: 0 | final status: طابور خفيف @ http://localhost:5173/app.js:340
[  725583ms] [INFO] [Status] محطة وقود غير مسماة - node/8014161288 | activeDevices: 0 | final status: طابور خفيف @ http://localhost:5173/app.js:340
[  725583ms] [INFO] [Status] محطة وقود المبدع | activeDevices: 0 | final status: طابور خفيف @ http://localhost:5173/app.js:340
[  725583ms] [INFO] [Status] محطة وقود | activeDevices: 0 | final status: طابور خفيف @ http://localhost:5173/app.js:340
[  725583ms] [INFO] [Home] total stations loaded: 114, rendered station count: 22, best station found: yes @ http://localhost:5173/app.js:382
[  776777ms] [INFO] [Status] محطة وقود الهاني | activeDevices: 0 | final status: طابور خفيف @ http://localhost:5173/app.js:340
[  776778ms] [INFO] [Status] مستودع الغاز الهاني | activeDevices: 0 | final status: زحمة @ http://localhost:5173/app.js:340
[  776778ms] [INFO] [Status] محطة وقود | activeDevices: 0 | final status: طابور خفيف @ http://localhost:5173/app.js:340
[  776778ms] [INFO] [Status] محطة وقود | activeDevices: 0 | final status: طابور خفيف @ http://localhost:5173/app.js:340
[  776778ms] [INFO] [Status] محطة وقود | activeDevices: 0 | final status: طابور خفيف @ http://localhost:5173/app.js:340
[  776778ms] [INFO] [Status] Oilibya | activeDevices: 0 | final status: طابور خفيف @ http://localhost:5173/app.js:340
[  776778ms] [INFO] [Status] موزع غاز الطهي | activeDevices: 0 | final status: طابور خفيف @ http://localhost:5173/app.js:340
[  776778ms] [INFO] [Status] موزع غاز | activeDevices: 0 | final status: طابور خفيف @ http://localhost:5173/app.js:340
[  776778ms] [INFO] [Status] شركة البريقة لتسويق النفط مستودع الهاني | activeDevices: 0 | final status: طابور خفيف @ http://localhost:5173/app.js:340
[  776778ms] [INFO] [Status] محطة وقود ابوستة | activeDevices: 0 | final status: طابور خفيف @ http://localhost:5173/app.js:340
[  776778ms] [INFO] [Status] محطة وقود الشرارة | activeDevices: 0 | final status: طابور خفيف @ http://localhost:5173/app.js:340
[  776778ms] [INFO] [Status] محطة وقود بن عاشور | activeDevices: 0 | final status: زحمة @ http://localhost:5173/app.js:340
[  776778ms] [INFO] [Status] محطة وقود زاوية الدهماني | activeDevices: 0 | final status: طابور خفيف @ http://localhost:5173/app.js:340
[  776778ms] [INFO] [Status] محطة زاوية الدهماني للوقود | activeDevices: 0 | final status: طابور خفيف @ http://localhost:5173/app.js:340
[  776778ms] [INFO] [Status] Oilibya | activeDevices: 0 | final status: طابور خفيف @ http://localhost:5173/app.js:340
[  776778ms] [INFO] [Status] محطة وقود باب بن غشير | activeDevices: 0 | final status: طابور خفيف @ http://localhost:5173/app.js:340
[  776778ms] [INFO] [Status] محطة وقود | activeDevices: 0 | final status: طابور خفيف @ http://localhost:5173/app.js:340
[  776778ms] [INFO] [Status] محطة وقود الشرقية | activeDevices: 0 | final status: طابور خفيف @ http://localhost:5173/app.js:340
[  776779ms] [INFO] [Status] محطة وقود عرادة | activeDevices: 0 | final status: طابور خفيف @ http://localhost:5173/app.js:340
[  776779ms] [INFO] [Status] محطة وقود | activeDevices: 0 | final status: طابور خفيف @ http://localhost:5173/app.js:340
[  776779ms] [INFO] [Status] محطة وقود الهضبة | activeDevices: 0 | final status: طابور خفيف @ http://localhost:5173/app.js:340
[  776779ms] [INFO] [Status] محطة وقود غير مسماة - node/10051127673 | activeDevices: 0 | final status: طابور خفيف @ http://localhost:5173/app.js:340
[  776779ms] [INFO] [Status] محطة وقود | activeDevices: 0 | final status: طابور خفيف @ http://localhost:5173/app.js:340
[  776779ms] [INFO] [Status] محطة وقود شارع الصريم | activeDevices: 0 | final status: طابور خفيف @ http://localhost:5173/app.js:340
[  776779ms] [INFO] [Status] محطة وقود بركة | activeDevices: 0 | final status: طابور خفيف @ http://localhost:5173/app.js:340
[  776779ms] [INFO] [Status] محطة وقود | activeDevices: 0 | final status: طابور خفيف @ http://localhost:5173/app.js:340
[  776779ms] [INFO] [Status] محطة وقود الفلاح | activeDevices: 0 | final status: طابور خفيف @ http://localhost:5173/app.js:340
[  776779ms] [INFO] [Status] محطة وقود المنصورة | activeDevices: 0 | final status: طابور خفيف @ http://localhost:5173/app.js:340
[  776779ms] [INFO] [Status] محطة وقود أبوسليم | activeDevices: 0 | final status: طابور خفيف @ http://localhost:5173/app.js:340
[  776779ms] [INFO] [Status] محطة وقود السدرة -الراحلة | activeDevices: 0 | final status: طابور خفيف @ http://localhost:5173/app.js:340
[  776779ms] [INFO] [Status] محطة وقود | activeDevices: 0 | final status: طابور خفيف @ http://localhost:5173/app.js:340
[  776779ms] [INFO] [Status] محطة وقود طريق المشتل | activeDevices: 0 | final status: طابور خفيف @ http://localhost:5173/app.js:340
[  776779ms] [INFO] [Status] محطة وقود الراحلة | activeDevices: 0 | final status: عالبومبة طول @ http://localhost:5173/app.js:340
[  776779ms] [INFO] [Status] محطة وقود | activeDevices: 0 | final status: طابور خفيف @ http://localhost:5173/app.js:340
[  776779ms] [INFO] [Status] محطة وقود السويحلي | activeDevices: 0 | final status: طابور خفيف @ http://localhost:5173/app.js:340
[  776779ms] [INFO] [Status] محطة وقود الفلاح | activeDevices: 0 | final status: طابور خفيف @ http://localhost:5173/app.js:340
[  776779ms] [INFO] [Status] محطة وقود البيفي | activeDevices: 0 | final status: طابور خفيف @ http://localhost:5173/app.js:340
[  776779ms] [INFO] [Status] محطة وقود / برقان | activeDevices: 0 | final status: طابور خفيف @ http://localhost:5173/app.js:340
[  776779ms] [INFO] [Status] محطة وقود / الجبو | activeDevices: 0 | final status: طابور خفيف @ http://localhost:5173/app.js:340
[  776779ms] [INFO] [Status] محطة وقود | activeDevices: 0 | final status: مسكر @ http://localhost:5173/app.js:340
[  776779ms] [INFO] [Status] محطة وقود الخبولي | activeDevices: 0 | final status: طابور خفيف @ http://localhost:5173/app.js:340
[  776780ms] [INFO] [Status] محطة وقود | activeDevices: 0 | final status: طابور خفيف @ http://localhost:5173/app.js:340
[  776780ms] [INFO] [Status] محطة وقود | activeDevices: 0 | final status: طابور خفيف @ http://localhost:5173/app.js:340
[  776780ms] [INFO] [Status] محطة وقود | activeDevices: 0 | final status: طابور خفيف @ http://localhost:5173/app.js:340
[  776780ms] [INFO] [Status] محطة وقود | activeDevices: 0 | final status: طابور خفيف @ http://localhost:5173/app.js:340
[  776780ms] [INFO] [Status] أويليبيا | activeDevices: 0 | final status: طابور خفيف @ http://localhost:5173/app.js:340
[  776780ms] [INFO] [Status] محطة وقود | activeDevices: 0 | final status: طابور خفيف @ http://localhost:5173/app.js:340
[  776780ms] [INFO] [Status] أويليبيا | activeDevices: 0 | final status: طابور خفيف @ http://localhost:5173/app.js:340
[  776780ms] [INFO] [Status] محطة توزيع غاز | activeDevices: 0 | final status: طابور خفيف @ http://localhost:5173/app.js:340
[  776780ms] [INFO] [Status] محطة وقود | activeDevices: 0 | final status: طابور خفيف @ http://localhost:5173/app.js:340
[  776780ms] [INFO] [Status] محطة وقود غير مسماة - node/12492729341 | activeDevices: 0 | final status: طابور خفيف @ http://localhost:5173/app.js:340
[  776780ms] [INFO] [Status] محطة وقود | activeDevices: 0 | final status: طابور خفيف @ http://localhost:5173/app.js:340
[  776780ms] [INFO] [Status] محطة وقود | activeDevices: 0 | final status: طابور خفيف @ http://localhost:5173/app.js:340
[  776780ms] [INFO] [Status] غاز بنبلي | activeDevices: 0 | final status: طابور خفيف @ http://localhost:5173/app.js:340
[  776780ms] [INFO] [Status] محطة وقود البوعيشي | activeDevices: 0 | final status: طابور خفيف @ http://localhost:5173/app.js:340
[  776780ms] [INFO] [Status] محطة وقود اسبان | activeDevices: 0 | final status: طابور خفيف @ http://localhost:5173/app.js:340
[  776780ms] [INFO] [Status] محطة وقود اسبان | activeDevices: 0 | final status: طابور خفيف @ http://localhost:5173/app.js:340
[  776780ms] [INFO] [Status] محطة وقود أحمد محمود | activeDevices: 0 | final status: طابور خفيف @ http://localhost:5173/app.js:340
[  776780ms] [INFO] [Status] محطة وقود المشري | activeDevices: 0 | final status: طابور خفيف @ http://localhost:5173/app.js:340
[  776780ms] [INFO] [Status] محطة وقود تاجواء الوسط | activeDevices: 0 | final status: طابور خفيف @ http://localhost:5173/app.js:340
[  776780ms] [INFO] [Status] محطة وقود | activeDevices: 0 | final status: طابور خفيف @ http://localhost:5173/app.js:340
[  776780ms] [INFO] [Status] محطة وقود | activeDevices: 0 | final status: مسكر @ http://localhost:5173/app.js:340
[  776780ms] [INFO] [Status] محطة وقود الشعافي | activeDevices: 0 | final status: طابور خفيف @ http://localhost:5173/app.js:340
[  776780ms] [INFO] [Status] محطة وقود السويحلي | activeDevices: 0 | final status: مسكر @ http://localhost:5173/app.js:340
[  776780ms] [INFO] [Status] محطة وقود | activeDevices: 0 | final status: طابور خفيف @ http://localhost:5173/app.js:340
[  776780ms] [INFO] [Status] محطة وقود | activeDevices: 0 | final status: عالبومبة طول @ http://localhost:5173/app.js:340
[  776781ms] [INFO] [Status] محطة وقود | activeDevices: 0 | final status: طابور خفيف @ http://localhost:5173/app.js:340
[  776781ms] [INFO] [Status] محطة وقود غوط الشعال | activeDevices: 0 | final status: طابور خفيف @ http://localhost:5173/app.js:340
[  776781ms] [INFO] [Status] محطة وقود | activeDevices: 0 | final status: طابور خفيف @ http://localhost:5173/app.js:340
[  776781ms] [INFO] [Status] محطة ابو نواس | activeDevices: 0 | final status: طابور خفيف @ http://localhost:5173/app.js:340
[  776781ms] [INFO] [Status] محطة وقود بير | activeDevices: 0 | final status: طابور خفيف @ http://localhost:5173/app.js:340
[  776781ms] [INFO] [Status] محطة وقود ابونواس | activeDevices: 0 | final status: طابور خفيف @ http://localhost:5173/app.js:340
[  776781ms] [INFO] [Status] محطة وقود القاضي | activeDevices: 0 | final status: طابور خفيف @ http://localhost:5173/app.js:340
[  776781ms] [INFO] [Status] محطة وقود | activeDevices: 0 | final status: طابور خفيف @ http://localhost:5173/app.js:340
[  776781ms] [INFO] [Status] محطة وقود | activeDevices: 0 | final status: طابور خفيف @ http://localhost:5173/app.js:340
[  776781ms] [INFO] [Status] محطة وقود غير مسماة - way/569303812 | activeDevices: 0 | final status: طابور خفيف @ http://localhost:5173/app.js:340
[  776781ms] [INFO] [Status] Oilibya | activeDevices: 0 | final status: طابور خفيف @ http://localhost:5173/app.js:340
[  776781ms] [INFO] [Status] محطة وقود الضواحي ⛽ | activeDevices: 0 | final status: طابور خفيف @ http://localhost:5173/app.js:340
[  776781ms] [INFO] [Status] محطة وقود | activeDevices: 0 | final status: طابور خفيف @ http://localhost:5173/app.js:340
[  776781ms] [INFO] [Status] محطة وقود / شيل الرقبة | activeDevices: 0 | final status: طابور خفيف @ http://localhost:5173/app.js:340
[  776781ms] [INFO] [Status] محطة وقود | activeDevices: 0 | final status: طابور خفيف @ http://localhost:5173/app.js:340
[  776781ms] [INFO] [Status] موزع غاز حكومي | activeDevices: 0 | final status: طابور خفيف @ http://localhost:5173/app.js:340
[  776781ms] [INFO] [Status] محطة وقود | activeDevices: 0 | final status: طابور خفيف @ http://localhost:5173/app.js:340
[  776781ms] [INFO] [Status] محطة وقود بن غرسة | activeDevices: 0 | final status: طابور خفيف @ http://localhost:5173/app.js:340
[  776781ms] [INFO] [Status] محطة وقود | activeDevices: 0 | final status: زحمة @ http://localhost:5173/app.js:340
[  776781ms] [INFO] [Status] تحت الانشاء | activeDevices: 0 | final status: طابور خفيف @ http://localhost:5173/app.js:340
[  776781ms] [INFO] [Status] محطة وقود | activeDevices: 0 | final status: طابور خفيف @ http://localhost:5173/app.js:340
[  776781ms] [INFO] [Status] محطة وقود السلامة | activeDevices: 0 | final status: زحمة @ http://localhost:5173/app.js:340
[  776781ms] [INFO] [Status] محطة وقود | activeDevices: 0 | final status: طابور خفيف @ http://localhost:5173/app.js:340
[  776781ms] [INFO] [Status] محطة وقود | activeDevices: 0 | final status: طابور خفيف @ http://localhost:5173/app.js:340
[  776781ms] [INFO] [Status] محطة وقود غير مسماة - way/569420777 | activeDevices: 0 | final status: زحمة @ http://localhost:5173/app.js:340
[  776781ms] [INFO] [Status] محطة وقود الحبايبية | activeDevices: 0 | final status: عالبومبة طول @ http://localhost:5173/app.js:340
[  776781ms] [INFO] [Status] محطة وقود الرحمة | activeDevices: 0 | final status: طابور خفيف @ http://localhost:5173/app.js:340
[  776781ms] [INFO] [Status] محطة وقود | activeDevices: 0 | final status: طابور خفيف @ http://localhost:5173/app.js:340
[  776781ms] [INFO] [Status] محطة وقود السراج | activeDevices: 0 | final status: طابور خفيف @ http://localhost:5173/app.js:340
[  776781ms] [INFO] [Status] محطة وقود | activeDevices: 0 | final status: طابور خفيف @ http://localhost:5173/app.js:340
[  776781ms] [INFO] [Status] محطه شركة السلام - ليبيا نفط | activeDevices: 0 | final status: طابور خفيف @ http://localhost:5173/app.js:340
[  776781ms] [INFO] [Status] محطة وقود | activeDevices: 0 | final status: طابور خفيف @ http://localhost:5173/app.js:340
[  776782ms] [INFO] [Status] محطة وقود فتروش | activeDevices: 0 | final status: طابور خفيف @ http://localhost:5173/app.js:340
[  776782ms] [INFO] [Status] محطة وقود غير مسماة - way/875267927 | activeDevices: 0 | final status: طابور خفيف @ http://localhost:5173/app.js:340
[  776782ms] [INFO] [Status] محطة وقود بير العالم | activeDevices: 0 | final status: طابور خفيف @ http://localhost:5173/app.js:340
[  776782ms] [INFO] [Status] محطة وقود كرواط | activeDevices: 0 | final status: طابور خفيف @ http://localhost:5173/app.js:340
[  776782ms] [INFO] [Status] محطة وقود | activeDevices: 0 | final status: طابور خفيف @ http://localhost:5173/app.js:340
[  776782ms] [INFO] [Status] محطة وقود | activeDevices: 0 | final status: طابور خفيف @ http://localhost:5173/app.js:340
[  776782ms] [INFO] [Status] محطة وقود بير العالم | activeDevices: 0 | final status: طابور خفيف @ http://localhost:5173/app.js:340
[  776782ms] [INFO] [Status] محطة وقود المقرحي | activeDevices: 0 | final status: طابور خفيف @ http://localhost:5173/app.js:340
[  776782ms] [INFO] [Status] محطة وقود المقرحي | activeDevices: 0 | final status: طابور خفيف @ http://localhost:5173/app.js:340
[  776782ms] [INFO] [Status] محطة وقود الضبيع | activeDevices: 0 | final status: طابور خفيف @ http://localhost:5173/app.js:340
[  776782ms] [INFO] [Status] محطة وقود | activeDevices: 0 | final status: طابور خفيف @ http://localhost:5173/app.js:340
[  776782ms] [INFO] [Status] محطة وقود الشرارة | activeDevices: 0 | final status: طابور خفيف @ http://localhost:5173/app.js:340
[  776782ms] [INFO] [Status] محطة المشاط | activeDevices: 0 | final status: طابور خفيف @ http://localhost:5173/app.js:340
[  776782ms] [INFO] [Status] محطة وقود غير مسماة - node/8014161288 | activeDevices: 0 | final status: طابور خفيف @ http://localhost:5173/app.js:340
[  776782ms] [INFO] [Status] محطة وقود المبدع | activeDevices: 0 | final status: طابور خفيف @ http://localhost:5173/app.js:340
[  776782ms] [INFO] [Status] محطة وقود | activeDevices: 0 | final status: طابور خفيف @ http://localhost:5173/app.js:340
[  776782ms] [INFO] [Home] total stations loaded: 114, rendered station count: 22, best station found: yes @ http://localhost:5173/app.js:382
[  785543ms] [INFO] [Repository] Presence fetch succeeded. Active rows: 0. @ http://localhost:5173/repository.mjs:186
[  785544ms] [INFO] [Status] محطة وقود الهاني | activeDevices: 0 | final status: طابور خفيف @ http://localhost:5173/app.js:340
[  785544ms] [INFO] [Status] مستودع الغاز الهاني | activeDevices: 0 | final status: زحمة @ http://localhost:5173/app.js:340
[  785544ms] [INFO] [Status] محطة وقود | activeDevices: 0 | final status: طابور خفيف @ http://localhost:5173/app.js:340
[  785544ms] [INFO] [Status] محطة وقود | activeDevices: 0 | final status: طابور خفيف @ http://localhost:5173/app.js:340
[  785544ms] [INFO] [Status] محطة وقود | activeDevices: 0 | final status: طابور خفيف @ http://localhost:5173/app.js:340
[  785544ms] [INFO] [Status] Oilibya | activeDevices: 0 | final status: طابور خفيف @ http://localhost:5173/app.js:340
[  785544ms] [INFO] [Status] موزع غاز الطهي | activeDevices: 0 | final status: طابور خفيف @ http://localhost:5173/app.js:340
[  785544ms] [INFO] [Status] موزع غاز | activeDevices: 0 | final status: طابور خفيف @ http://localhost:5173/app.js:340
[  785544ms] [INFO] [Status] شركة البريقة لتسويق النفط مستودع الهاني | activeDevices: 0 | final status: طابور خفيف @ http://localhost:5173/app.js:340
[  785544ms] [INFO] [Status] محطة وقود ابوستة | activeDevices: 0 | final status: طابور خفيف @ http://localhost:5173/app.js:340
[  785544ms] [INFO] [Status] محطة وقود الشرارة | activeDevices: 0 | final status: طابور خفيف @ http://localhost:5173/app.js:340
[  785544ms] [INFO] [Status] محطة وقود بن عاشور | activeDevices: 0 | final status: زحمة @ http://localhost:5173/app.js:340
[  785544ms] [INFO] [Status] محطة وقود زاوية الدهماني | activeDevices: 0 | final status: طابور خفيف @ http://localhost:5173/app.js:340
[  785544ms] [INFO] [Status] محطة زاوية الدهماني للوقود | activeDevices: 0 | final status: طابور خفيف @ http://localhost:5173/app.js:340
[  785544ms] [INFO] [Status] Oilibya | activeDevices: 0 | final status: طابور خفيف @ http://localhost:5173/app.js:340
[  785544ms] [INFO] [Status] محطة وقود باب بن غشير | activeDevices: 0 | final status: طابور خفيف @ http://localhost:5173/app.js:340
[  785544ms] [INFO] [Status] محطة وقود | activeDevices: 0 | final status: طابور خفيف @ http://localhost:5173/app.js:340
[  785544ms] [INFO] [Status] محطة وقود الشرقية | activeDevices: 0 | final status: طابور خفيف @ http://localhost:5173/app.js:340
[  785544ms] [INFO] [Status] محطة وقود عرادة | activeDevices: 0 | final status: طابور خفيف @ http://localhost:5173/app.js:340
[  785544ms] [INFO] [Status] محطة وقود | activeDevices: 0 | final status: طابور خفيف @ http://localhost:5173/app.js:340
[  785545ms] [INFO] [Status] محطة وقود الهضبة | activeDevices: 0 | final status: طابور خفيف @ http://localhost:5173/app.js:340
[  785545ms] [INFO] [Status] محطة وقود غير مسماة - node/10051127673 | activeDevices: 0 | final status: طابور خفيف @ http://localhost:5173/app.js:340
[  785545ms] [INFO] [Status] محطة وقود | activeDevices: 0 | final status: طابور خفيف @ http://localhost:5173/app.js:340
[  785545ms] [INFO] [Status] محطة وقود شارع الصريم | activeDevices: 0 | final status: طابور خفيف @ http://localhost:5173/app.js:340
[  785545ms] [INFO] [Status] محطة وقود بركة | activeDevices: 0 | final status: طابور خفيف @ http://localhost:5173/app.js:340
[  785545ms] [INFO] [Status] محطة وقود | activeDevices: 0 | final status: طابور خفيف @ http://localhost:5173/app.js:340
[  785545ms] [INFO] [Status] محطة وقود الفلاح | activeDevices: 0 | final status: طابور خفيف @ http://localhost:5173/app.js:340
[  785545ms] [INFO] [Status] محطة وقود المنصورة | activeDevices: 0 | final status: طابور خفيف @ http://localhost:5173/app.js:340
[  785545ms] [INFO] [Status] محطة وقود أبوسليم | activeDevices: 0 | final status: طابور خفيف @ http://localhost:5173/app.js:340
[  785545ms] [INFO] [Status] محطة وقود السدرة -الراحلة | activeDevices: 0 | final status: طابور خفيف @ http://localhost:5173/app.js:340
[  785545ms] [INFO] [Status] محطة وقود | activeDevices: 0 | final status: طابور خفيف @ http://localhost:5173/app.js:340
[  785545ms] [INFO] [Status] محطة وقود طريق المشتل | activeDevices: 0 | final status: طابور خفيف @ http://localhost:5173/app.js:340
[  785545ms] [INFO] [Status] محطة وقود الراحلة | activeDevices: 0 | final status: عالبومبة طول @ http://localhost:5173/app.js:340
[  785545ms] [INFO] [Status] محطة وقود | activeDevices: 0 | final status: طابور خفيف @ http://localhost:5173/app.js:340
[  785545ms] [INFO] [Status] محطة وقود السويحلي | activeDevices: 0 | final status: طابور خفيف @ http://localhost:5173/app.js:340
[  785545ms] [INFO] [Status] محطة وقود الفلاح | activeDevices: 0 | final status: طابور خفيف @ http://localhost:5173/app.js:340
[  785545ms] [INFO] [Status] محطة وقود البيفي | activeDevices: 0 | final status: طابور خفيف @ http://localhost:5173/app.js:340
[  785545ms] [INFO] [Status] محطة وقود / برقان | activeDevices: 0 | final status: طابور خفيف @ http://localhost:5173/app.js:340
[  785545ms] [INFO] [Status] محطة وقود / الجبو | activeDevices: 0 | final status: طابور خفيف @ http://localhost:5173/app.js:340
[  785545ms] [INFO] [Status] محطة وقود | activeDevices: 0 | final status: مسكر @ http://localhost:5173/app.js:340
[  785545ms] [INFO] [Status] محطة وقود الخبولي | activeDevices: 0 | final status: طابور خفيف @ http://localhost:5173/app.js:340
[  785545ms] [INFO] [Status] محطة وقود | activeDevices: 0 | final status: طابور خفيف @ http://localhost:5173/app.js:340
[  785545ms] [INFO] [Status] محطة وقود | activeDevices: 0 | final status: طابور خفيف @ http://localhost:5173/app.js:340
[  785545ms] [INFO] [Status] محطة وقود | activeDevices: 0 | final status: طابور خفيف @ http://localhost:5173/app.js:340
[  785545ms] [INFO] [Status] محطة وقود | activeDevices: 0 | final status: طابور خفيف @ http://localhost:5173/app.js:340
[  785545ms] [INFO] [Status] أويليبيا | activeDevices: 0 | final status: طابور خفيف @ http://localhost:5173/app.js:340
[  785545ms] [INFO] [Status] محطة وقود | activeDevices: 0 | final status: طابور خفيف @ http://localhost:5173/app.js:340
[  785545ms] [INFO] [Status] أويليبيا | activeDevices: 0 | final status: طابور خفيف @ http://localhost:5173/app.js:340
[  785545ms] [INFO] [Status] محطة توزيع غاز | activeDevices: 0 | final status: طابور خفيف @ http://localhost:5173/app.js:340
[  785545ms] [INFO] [Status] محطة وقود | activeDevices: 0 | final status: طابور خفيف @ http://localhost:5173/app.js:340
[  785545ms] [INFO] [Status] محطة وقود غير مسماة - node/12492729341 | activeDevices: 0 | final status: طابور خفيف @ http://localhost:5173/app.js:340
[  785545ms] [INFO] [Status] محطة وقود | activeDevices: 0 | final status: طابور خفيف @ http://localhost:5173/app.js:340
[  785546ms] [INFO] [Status] محطة وقود | activeDevices: 0 | final status: طابور خفيف @ http://localhost:5173/app.js:340
[  785546ms] [INFO] [Status] غاز بنبلي | activeDevices: 0 | final status: طابور خفيف @ http://localhost:5173/app.js:340
[  785546ms] [INFO] [Status] محطة وقود البوعيشي | activeDevices: 0 | final status: طابور خفيف @ http://localhost:5173/app.js:340
[  785546ms] [INFO] [Status] محطة وقود اسبان | activeDevices: 0 | final status: طابور خفيف @ http://localhost:5173/app.js:340
[  785546ms] [INFO] [Status] محطة وقود اسبان | activeDevices: 0 | final status: طابور خفيف @ http://localhost:5173/app.js:340
[  785546ms] [INFO] [Status] محطة وقود أحمد محمود | activeDevices: 0 | final status: طابور خفيف @ http://localhost:5173/app.js:340
[  785546ms] [INFO] [Status] محطة وقود المشري | activeDevices: 0 | final status: طابور خفيف @ http://localhost:5173/app.js:340
[  785546ms] [INFO] [Status] محطة وقود تاجواء الوسط | activeDevices: 0 | final status: طابور خفيف @ http://localhost:5173/app.js:340
[  785546ms] [INFO] [Status] محطة وقود | activeDevices: 0 | final status: طابور خفيف @ http://localhost:5173/app.js:340
[  785546ms] [INFO] [Status] محطة وقود | activeDevices: 0 | final status: مسكر @ http://localhost:5173/app.js:340
[  785546ms] [INFO] [Status] محطة وقود الشعافي | activeDevices: 0 | final status: طابور خفيف @ http://localhost:5173/app.js:340
[  785546ms] [INFO] [Status] محطة وقود السويحلي | activeDevices: 0 | final status: مسكر @ http://localhost:5173/app.js:340
[  785546ms] [INFO] [Status] محطة وقود | activeDevices: 0 | final status: طابور خفيف @ http://localhost:5173/app.js:340
[  785546ms] [INFO] [Status] محطة وقود | activeDevices: 0 | final status: عالبومبة طول @ http://localhost:5173/app.js:340
[  785546ms] [INFO] [Status] محطة وقود | activeDevices: 0 | final status: طابور خفيف @ http://localhost:5173/app.js:340
[  785546ms] [INFO] [Status] محطة وقود غوط الشعال | activeDevices: 0 | final status: طابور خفيف @ http://localhost:5173/app.js:340
[  785546ms] [INFO] [Status] محطة وقود | activeDevices: 0 | final status: طابور خفيف @ http://localhost:5173/app.js:340
[  785546ms] [INFO] [Status] محطة ابو نواس | activeDevices: 0 | final status: طابور خفيف @ http://localhost:5173/app.js:340
[  785546ms] [INFO] [Status] محطة وقود بير | activeDevices: 0 | final status: طابور خفيف @ http://localhost:5173/app.js:340
[  785546ms] [INFO] [Status] محطة وقود ابونواس | activeDevices: 0 | final status: طابور خفيف @ http://localhost:5173/app.js:340
[  785546ms] [INFO] [Status] محطة وقود القاضي | activeDevices: 0 | final status: طابور خفيف @ http://localhost:5173/app.js:340
[  785546ms] [INFO] [Status] محطة وقود | activeDevices: 0 | final status: طابور خفيف @ http://localhost:5173/app.js:340
[  785546ms] [INFO] [Status] محطة وقود | activeDevices: 0 | final status: طابور خفيف @ http://localhost:5173/app.js:340
[  785546ms] [INFO] [Status] محطة وقود غير مسماة - way/569303812 | activeDevices: 0 | final status: طابور خفيف @ http://localhost:5173/app.js:340
[  785546ms] [INFO] [Status] Oilibya | activeDevices: 0 | final status: طابور خفيف @ http://localhost:5173/app.js:340
[  785546ms] [INFO] [Status] محطة وقود الضواحي ⛽ | activeDevices: 0 | final status: طابور خفيف @ http://localhost:5173/app.js:340
[  785546ms] [INFO] [Status] محطة وقود | activeDevices: 0 | final status: طابور خفيف @ http://localhost:5173/app.js:340
[  785546ms] [INFO] [Status] محطة وقود / شيل الرقبة | activeDevices: 0 | final status: طابور خفيف @ http://localhost:5173/app.js:340
[  785546ms] [INFO] [Status] محطة وقود | activeDevices: 0 | final status: طابور خفيف @ http://localhost:5173/app.js:340
[  785546ms] [INFO] [Status] موزع غاز حكومي | activeDevices: 0 | final status: طابور خفيف @ http://localhost:5173/app.js:340
[  785546ms] [INFO] [Status] محطة وقود | activeDevices: 0 | final status: طابور خفيف @ http://localhost:5173/app.js:340
[  785546ms] [INFO] [Status] محطة وقود بن غرسة | activeDevices: 0 | final status: طابور خفيف @ http://localhost:5173/app.js:340
[  785546ms] [INFO] [Status] محطة وقود | activeDevices: 0 | final status: زحمة @ http://localhost:5173/app.js:340
[  785547ms] [INFO] [Status] تحت الانشاء | activeDevices: 0 | final status: طابور خفيف @ http://localhost:5173/app.js:340
[  785547ms] [INFO] [Status] محطة وقود | activeDevices: 0 | final status: طابور خفيف @ http://localhost:5173/app.js:340
[  785547ms] [INFO] [Status] محطة وقود السلامة | activeDevices: 0 | final status: زحمة @ http://localhost:5173/app.js:340
[  785547ms] [INFO] [Status] محطة وقود | activeDevices: 0 | final status: طابور خفيف @ http://localhost:5173/app.js:340
[  785547ms] [INFO] [Status] محطة وقود | activeDevices: 0 | final status: طابور خفيف @ http://localhost:5173/app.js:340
[  785547ms] [INFO] [Status] محطة وقود غير مسماة - way/569420777 | activeDevices: 0 | final status: زحمة @ http://localhost:5173/app.js:340
[  785547ms] [INFO] [Status] محطة وقود الحبايبية | activeDevices: 0 | final status: عالبومبة طول @ http://localhost:5173/app.js:340
[  785547ms] [INFO] [Status] محطة وقود الرحمة | activeDevices: 0 | final status: طابور خفيف @ http://localhost:5173/app.js:340
[  785547ms] [INFO] [Status] محطة وقود | activeDevices: 0 | final status: طابور خفيف @ http://localhost:5173/app.js:340
[  785547ms] [INFO] [Status] محطة وقود السراج | activeDevices: 0 | final status: طابور خفيف @ http://localhost:5173/app.js:340
[  785547ms] [INFO] [Status] محطة وقود | activeDevices: 0 | final status: طابور خفيف @ http://localhost:5173/app.js:340
[  785547ms] [INFO] [Status] محطه شركة السلام - ليبيا نفط | activeDevices: 0 | final status: طابور خفيف @ http://localhost:5173/app.js:340
[  785547ms] [INFO] [Status] محطة وقود | activeDevices: 0 | final status: طابور خفيف @ http://localhost:5173/app.js:340
[  785547ms] [INFO] [Status] محطة وقود فتروش | activeDevices: 0 | final status: طابور خفيف @ http://localhost:5173/app.js:340
[  785547ms] [INFO] [Status] محطة وقود غير مسماة - way/875267927 | activeDevices: 0 | final status: طابور خفيف @ http://localhost:5173/app.js:340
[  785547ms] [INFO] [Status] محطة وقود بير العالم | activeDevices: 0 | final status: طابور خفيف @ http://localhost:5173/app.js:340
[  785547ms] [INFO] [Status] محطة وقود كرواط | activeDevices: 0 | final status: طابور خفيف @ http://localhost:5173/app.js:340
[  785547ms] [INFO] [Status] محطة وقود | activeDevices: 0 | final status: طابور خفيف @ http://localhost:5173/app.js:340
[  785547ms] [INFO] [Status] محطة وقود | activeDevices: 0 | final status: طابور خفيف @ http://localhost:5173/app.js:340
[  785547ms] [INFO] [Status] محطة وقود بير العالم | activeDevices: 0 | final status: طابور خفيف @ http://localhost:5173/app.js:340
[  785547ms] [INFO] [Status] محطة وقود المقرحي | activeDevices: 0 | final status: طابور خفيف @ http://localhost:5173/app.js:340
[  785547ms] [INFO] [Status] محطة وقود المقرحي | activeDevices: 0 | final status: طابور خفيف @ http://localhost:5173/app.js:340
[  785547ms] [INFO] [Status] محطة وقود الضبيع | activeDevices: 0 | final status: طابور خفيف @ http://localhost:5173/app.js:340
[  785547ms] [INFO] [Status] محطة وقود | activeDevices: 0 | final status: طابور خفيف @ http://localhost:5173/app.js:340
[  785547ms] [INFO] [Status] محطة وقود الشرارة | activeDevices: 0 | final status: طابور خفيف @ http://localhost:5173/app.js:340
[  785547ms] [INFO] [Status] محطة المشاط | activeDevices: 0 | final status: طابور خفيف @ http://localhost:5173/app.js:340
[  785547ms] [INFO] [Status] محطة وقود غير مسماة - node/8014161288 | activeDevices: 0 | final status: طابور خفيف @ http://localhost:5173/app.js:340
[  785547ms] [INFO] [Status] محطة وقود المبدع | activeDevices: 0 | final status: طابور خفيف @ http://localhost:5173/app.js:340
[  785547ms] [INFO] [Status] محطة وقود | activeDevices: 0 | final status: طابور خفيف @ http://localhost:5173/app.js:340
[  785548ms] [INFO] [Home] total stations loaded: 114, rendered station count: 22, best station found: yes @ http://localhost:5173/app.js:382
[  829408ms] [INFO] [Status] محطة وقود الهاني | activeDevices: 0 | final status: طابور خفيف @ http://localhost:5173/app.js:340
[  829408ms] [INFO] [Status] مستودع الغاز الهاني | activeDevices: 0 | final status: زحمة @ http://localhost:5173/app.js:340
[  829408ms] [INFO] [Status] محطة وقود | activeDevices: 0 | final status: طابور خفيف @ http://localhost:5173/app.js:340
[  829408ms] [INFO] [Status] محطة وقود | activeDevices: 0 | final status: طابور خفيف @ http://localhost:5173/app.js:340
[  829409ms] [INFO] [Status] محطة وقود | activeDevices: 0 | final status: طابور خفيف @ http://localhost:5173/app.js:340
[  829409ms] [INFO] [Status] Oilibya | activeDevices: 0 | final status: طابور خفيف @ http://localhost:5173/app.js:340
[  829409ms] [INFO] [Status] موزع غاز الطهي | activeDevices: 0 | final status: طابور خفيف @ http://localhost:5173/app.js:340
[  829409ms] [INFO] [Status] موزع غاز | activeDevices: 0 | final status: طابور خفيف @ http://localhost:5173/app.js:340
[  829409ms] [INFO] [Status] شركة البريقة لتسويق النفط مستودع الهاني | activeDevices: 0 | final status: طابور خفيف @ http://localhost:5173/app.js:340
[  829409ms] [INFO] [Status] محطة وقود ابوستة | activeDevices: 0 | final status: طابور خفيف @ http://localhost:5173/app.js:340
[  829409ms] [INFO] [Status] محطة وقود الشرارة | activeDevices: 0 | final status: طابور خفيف @ http://localhost:5173/app.js:340
[  829409ms] [INFO] [Status] محطة وقود بن عاشور | activeDevices: 0 | final status: زحمة @ http://localhost:5173/app.js:340
[  829409ms] [INFO] [Status] محطة وقود زاوية الدهماني | activeDevices: 0 | final status: طابور خفيف @ http://localhost:5173/app.js:340
[  829409ms] [INFO] [Status] محطة زاوية الدهماني للوقود | activeDevices: 0 | final status: طابور خفيف @ http://localhost:5173/app.js:340
[  829409ms] [INFO] [Status] Oilibya | activeDevices: 0 | final status: طابور خفيف @ http://localhost:5173/app.js:340
[  829409ms] [INFO] [Status] محطة وقود باب بن غشير | activeDevices: 0 | final status: طابور خفيف @ http://localhost:5173/app.js:340
[  829409ms] [INFO] [Status] محطة وقود | activeDevices: 0 | final status: طابور خفيف @ http://localhost:5173/app.js:340
[  829409ms] [INFO] [Status] محطة وقود الشرقية | activeDevices: 0 | final status: طابور خفيف @ http://localhost:5173/app.js:340
[  829410ms] [INFO] [Status] محطة وقود عرادة | activeDevices: 0 | final status: طابور خفيف @ http://localhost:5173/app.js:340
[  829410ms] [INFO] [Status] محطة وقود | activeDevices: 0 | final status: طابور خفيف @ http://localhost:5173/app.js:340
[  829410ms] [INFO] [Status] محطة وقود الهضبة | activeDevices: 0 | final status: طابور خفيف @ http://localhost:5173/app.js:340
[  829410ms] [INFO] [Status] محطة وقود غير مسماة - node/10051127673 | activeDevices: 0 | final status: طابور خفيف @ http://localhost:5173/app.js:340
[  829410ms] [INFO] [Status] محطة وقود | activeDevices: 0 | final status: طابور خفيف @ http://localhost:5173/app.js:340
[  829410ms] [INFO] [Status] محطة وقود شارع الصريم | activeDevices: 0 | final status: طابور خفيف @ http://localhost:5173/app.js:340
[  829410ms] [INFO] [Status] محطة وقود بركة | activeDevices: 0 | final status: طابور خفيف @ http://localhost:5173/app.js:340
[  829410ms] [INFO] [Status] محطة وقود | activeDevices: 0 | final status: طابور خفيف @ http://localhost:5173/app.js:340
[  829410ms] [INFO] [Status] محطة وقود الفلاح | activeDevices: 0 | final status: طابور خفيف @ http://localhost:5173/app.js:340
[  829410ms] [INFO] [Status] محطة وقود المنصورة | activeDevices: 0 | final status: طابور خفيف @ http://localhost:5173/app.js:340
[  829410ms] [INFO] [Status] محطة وقود أبوسليم | activeDevices: 0 | final status: طابور خفيف @ http://localhost:5173/app.js:340
[  829410ms] [INFO] [Status] محطة وقود السدرة -الراحلة | activeDevices: 0 | final status: طابور خفيف @ http://localhost:5173/app.js:340
[  829410ms] [INFO] [Status] محطة وقود | activeDevices: 0 | final status: طابور خفيف @ http://localhost:5173/app.js:340
[  829410ms] [INFO] [Status] محطة وقود طريق المشتل | activeDevices: 0 | final status: طابور خفيف @ http://localhost:5173/app.js:340
[  829410ms] [INFO] [Status] محطة وقود الراحلة | activeDevices: 0 | final status: عالبومبة طول @ http://localhost:5173/app.js:340
[  829410ms] [INFO] [Status] محطة وقود | activeDevices: 0 | final status: طابور خفيف @ http://localhost:5173/app.js:340
[  829410ms] [INFO] [Status] محطة وقود السويحلي | activeDevices: 0 | final status: طابور خفيف @ http://localhost:5173/app.js:340
[  829410ms] [INFO] [Status] محطة وقود الفلاح | activeDevices: 0 | final status: طابور خفيف @ http://localhost:5173/app.js:340
[  829410ms] [INFO] [Status] محطة وقود البيفي | activeDevices: 0 | final status: طابور خفيف @ http://localhost:5173/app.js:340
[  829410ms] [INFO] [Status] محطة وقود / برقان | activeDevices: 0 | final status: طابور خفيف @ http://localhost:5173/app.js:340
[  829410ms] [INFO] [Status] محطة وقود / الجبو | activeDevices: 0 | final status: طابور خفيف @ http://localhost:5173/app.js:340
[  829410ms] [INFO] [Status] محطة وقود | activeDevices: 0 | final status: مسكر @ http://localhost:5173/app.js:340
[  829411ms] [INFO] [Status] محطة وقود الخبولي | activeDevices: 0 | final status: طابور خفيف @ http://localhost:5173/app.js:340
[  829411ms] [INFO] [Status] محطة وقود | activeDevices: 0 | final status: طابور خفيف @ http://localhost:5173/app.js:340
[  829411ms] [INFO] [Status] محطة وقود | activeDevices: 0 | final status: طابور خفيف @ http://localhost:5173/app.js:340
[  829411ms] [INFO] [Status] محطة وقود | activeDevices: 0 | final status: طابور خفيف @ http://localhost:5173/app.js:340
[  829411ms] [INFO] [Status] محطة وقود | activeDevices: 0 | final status: طابور خفيف @ http://localhost:5173/app.js:340
[  829411ms] [INFO] [Status] أويليبيا | activeDevices: 0 | final status: طابور خفيف @ http://localhost:5173/app.js:340
[  829411ms] [INFO] [Status] محطة وقود | activeDevices: 0 | final status: طابور خفيف @ http://localhost:5173/app.js:340
[  829411ms] [INFO] [Status] أويليبيا | activeDevices: 0 | final status: طابور خفيف @ http://localhost:5173/app.js:340
[  829411ms] [INFO] [Status] محطة توزيع غاز | activeDevices: 0 | final status: طابور خفيف @ http://localhost:5173/app.js:340
[  829411ms] [INFO] [Status] محطة وقود | activeDevices: 0 | final status: طابور خفيف @ http://localhost:5173/app.js:340
[  829411ms] [INFO] [Status] محطة وقود غير مسماة - node/12492729341 | activeDevices: 0 | final status: طابور خفيف @ http://localhost:5173/app.js:340
[  829411ms] [INFO] [Status] محطة وقود | activeDevices: 0 | final status: طابور خفيف @ http://localhost:5173/app.js:340
[  829411ms] [INFO] [Status] محطة وقود | activeDevices: 0 | final status: طابور خفيف @ http://localhost:5173/app.js:340
[  829411ms] [INFO] [Status] غاز بنبلي | activeDevices: 0 | final status: طابور خفيف @ http://localhost:5173/app.js:340
[  829411ms] [INFO] [Status] محطة وقود البوعيشي | activeDevices: 0 | final status: طابور خفيف @ http://localhost:5173/app.js:340
[  829411ms] [INFO] [Status] محطة وقود اسبان | activeDevices: 0 | final status: طابور خفيف @ http://localhost:5173/app.js:340
[  829411ms] [INFO] [Status] محطة وقود اسبان | activeDevices: 0 | final status: طابور خفيف @ http://localhost:5173/app.js:340
[  829411ms] [INFO] [Status] محطة وقود أحمد محمود | activeDevices: 0 | final status: طابور خفيف @ http://localhost:5173/app.js:340
[  829411ms] [INFO] [Status] محطة وقود المشري | activeDevices: 0 | final status: طابور خفيف @ http://localhost:5173/app.js:340
[  829411ms] [INFO] [Status] محطة وقود تاجواء الوسط | activeDevices: 0 | final status: طابور خفيف @ http://localhost:5173/app.js:340
[  829411ms] [INFO] [Status] محطة وقود | activeDevices: 0 | final status: طابور خفيف @ http://localhost:5173/app.js:340
[  829411ms] [INFO] [Status] محطة وقود | activeDevices: 0 | final status: مسكر @ http://localhost:5173/app.js:340
[  829412ms] [INFO] [Status] محطة وقود الشعافي | activeDevices: 0 | final status: طابور خفيف @ http://localhost:5173/app.js:340
[  829412ms] [INFO] [Status] محطة وقود السويحلي | activeDevices: 0 | final status: مسكر @ http://localhost:5173/app.js:340
[  829412ms] [INFO] [Status] محطة وقود | activeDevices: 0 | final status: طابور خفيف @ http://localhost:5173/app.js:340
[  829412ms] [INFO] [Status] محطة وقود | activeDevices: 0 | final status: عالبومبة طول @ http://localhost:5173/app.js:340
[  829412ms] [INFO] [Status] محطة وقود | activeDevices: 0 | final status: طابور خفيف @ http://localhost:5173/app.js:340
[  829412ms] [INFO] [Status] محطة وقود غوط الشعال | activeDevices: 0 | final status: طابور خفيف @ http://localhost:5173/app.js:340
[  829412ms] [INFO] [Status] محطة وقود | activeDevices: 0 | final status: طابور خفيف @ http://localhost:5173/app.js:340
[  829412ms] [INFO] [Status] محطة ابو نواس | activeDevices: 0 | final status: طابور خفيف @ http://localhost:5173/app.js:340
[  829412ms] [INFO] [Status] محطة وقود بير | activeDevices: 0 | final status: طابور خفيف @ http://localhost:5173/app.js:340
[  829412ms] [INFO] [Status] محطة وقود ابونواس | activeDevices: 0 | final status: طابور خفيف @ http://localhost:5173/app.js:340
[  829412ms] [INFO] [Status] محطة وقود القاضي | activeDevices: 0 | final status: طابور خفيف @ http://localhost:5173/app.js:340
[  829412ms] [INFO] [Status] محطة وقود | activeDevices: 0 | final status: طابور خفيف @ http://localhost:5173/app.js:340
[  829412ms] [INFO] [Status] محطة وقود | activeDevices: 0 | final status: طابور خفيف @ http://localhost:5173/app.js:340
[  829412ms] [INFO] [Status] محطة وقود غير مسماة - way/569303812 | activeDevices: 0 | final status: طابور خفيف @ http://localhost:5173/app.js:340
[  829412ms] [INFO] [Status] Oilibya | activeDevices: 0 | final status: طابور خفيف @ http://localhost:5173/app.js:340
[  829412ms] [INFO] [Status] محطة وقود الضواحي ⛽ | activeDevices: 0 | final status: طابور خفيف @ http://localhost:5173/app.js:340
[  829412ms] [INFO] [Status] محطة وقود | activeDevices: 0 | final status: طابور خفيف @ http://localhost:5173/app.js:340
[  829412ms] [INFO] [Status] محطة وقود / شيل الرقبة | activeDevices: 0 | final status: طابور خفيف @ http://localhost:5173/app.js:340
[  829412ms] [INFO] [Status] محطة وقود | activeDevices: 0 | final status: طابور خفيف @ http://localhost:5173/app.js:340
[  829412ms] [INFO] [Status] موزع غاز حكومي | activeDevices: 0 | final status: طابور خفيف @ http://localhost:5173/app.js:340
[  829412ms] [INFO] [Status] محطة وقود | activeDevices: 0 | final status: طابور خفيف @ http://localhost:5173/app.js:340
[  829412ms] [INFO] [Status] محطة وقود بن غرسة | activeDevices: 0 | final status: طابور خفيف @ http://localhost:5173/app.js:340
[  829412ms] [INFO] [Status] محطة وقود | activeDevices: 0 | final status: زحمة @ http://localhost:5173/app.js:340
[  829412ms] [INFO] [Status] تحت الانشاء | activeDevices: 0 | final status: طابور خفيف @ http://localhost:5173/app.js:340
[  829412ms] [INFO] [Status] محطة وقود | activeDevices: 0 | final status: طابور خفيف @ http://localhost:5173/app.js:340
[  829412ms] [INFO] [Status] محطة وقود السلامة | activeDevices: 0 | final status: زحمة @ http://localhost:5173/app.js:340
[  829412ms] [INFO] [Status] محطة وقود | activeDevices: 0 | final status: طابور خفيف @ http://localhost:5173/app.js:340
[  829412ms] [INFO] [Status] محطة وقود | activeDevices: 0 | final status: طابور خفيف @ http://localhost:5173/app.js:340
[  829412ms] [INFO] [Status] محطة وقود غير مسماة - way/569420777 | activeDevices: 0 | final status: زحمة @ http://localhost:5173/app.js:340
[  829412ms] [INFO] [Status] محطة وقود الحبايبية | activeDevices: 0 | final status: عالبومبة طول @ http://localhost:5173/app.js:340
[  829412ms] [INFO] [Status] محطة وقود الرحمة | activeDevices: 0 | final status: طابور خفيف @ http://localhost:5173/app.js:340
[  829413ms] [INFO] [Status] محطة وقود | activeDevices: 0 | final status: طابور خفيف @ http://localhost:5173/app.js:340
[  829413ms] [INFO] [Status] محطة وقود السراج | activeDevices: 0 | final status: طابور خفيف @ http://localhost:5173/app.js:340
[  829413ms] [INFO] [Status] محطة وقود | activeDevices: 0 | final status: طابور خفيف @ http://localhost:5173/app.js:340
[  829413ms] [INFO] [Status] محطه شركة السلام - ليبيا نفط | activeDevices: 0 | final status: طابور خفيف @ http://localhost:5173/app.js:340
[  829413ms] [INFO] [Status] محطة وقود | activeDevices: 0 | final status: طابور خفيف @ http://localhost:5173/app.js:340
[  829413ms] [INFO] [Status] محطة وقود فتروش | activeDevices: 0 | final status: طابور خفيف @ http://localhost:5173/app.js:340
[  829413ms] [INFO] [Status] محطة وقود غير مسماة - way/875267927 | activeDevices: 0 | final status: طابور خفيف @ http://localhost:5173/app.js:340
[  829413ms] [INFO] [Status] محطة وقود بير العالم | activeDevices: 0 | final status: طابور خفيف @ http://localhost:5173/app.js:340
[  829413ms] [INFO] [Status] محطة وقود كرواط | activeDevices: 0 | final status: طابور خفيف @ http://localhost:5173/app.js:340
[  829413ms] [INFO] [Status] محطة وقود | activeDevices: 0 | final status: طابور خفيف @ http://localhost:5173/app.js:340
[  829413ms] [INFO] [Status] محطة وقود | activeDevices: 0 | final status: طابور خفيف @ http://localhost:5173/app.js:340
[  829413ms] [INFO] [Status] محطة وقود بير العالم | activeDevices: 0 | final status: طابور خفيف @ http://localhost:5173/app.js:340
[  829413ms] [INFO] [Status] محطة وقود المقرحي | activeDevices: 0 | final status: عالبومبة طول @ http://localhost:5173/app.js:340
[  829413ms] [INFO] [Status] محطة وقود المقرحي | activeDevices: 0 | final status: طابور خفيف @ http://localhost:5173/app.js:340
[  829413ms] [INFO] [Status] محطة وقود الضبيع | activeDevices: 0 | final status: طابور خفيف @ http://localhost:5173/app.js:340
[  829413ms] [INFO] [Status] محطة وقود | activeDevices: 0 | final status: طابور خفيف @ http://localhost:5173/app.js:340
[  829413ms] [INFO] [Status] محطة وقود الشرارة | activeDevices: 0 | final status: طابور خفيف @ http://localhost:5173/app.js:340
[  829413ms] [INFO] [Status] محطة المشاط | activeDevices: 0 | final status: طابور خفيف @ http://localhost:5173/app.js:340
[  829413ms] [INFO] [Status] محطة وقود غير مسماة - node/8014161288 | activeDevices: 0 | final status: طابور خفيف @ http://localhost:5173/app.js:340
[  829413ms] [INFO] [Status] محطة وقود المبدع | activeDevices: 0 | final status: طابور خفيف @ http://localhost:5173/app.js:340
[  829413ms] [INFO] [Status] محطة وقود | activeDevices: 0 | final status: طابور خفيف @ http://localhost:5173/app.js:340
[  829414ms] [INFO] [Home] total stations loaded: 114, rendered station count: 22, best station found: yes @ http://localhost:5173/app.js:382
[  845588ms] [INFO] [Repository] Presence fetch succeeded. Active rows: 0. @ http://localhost:5173/repository.mjs:186
[  845588ms] [INFO] [Status] محطة وقود الهاني | activeDevices: 0 | final status: طابور خفيف @ http://localhost:5173/app.js:340
[  845589ms] [INFO] [Status] مستودع الغاز الهاني | activeDevices: 0 | final status: زحمة @ http://localhost:5173/app.js:340
[  845589ms] [INFO] [Status] محطة وقود | activeDevices: 0 | final status: طابور خفيف @ http://localhost:5173/app.js:340
[  845589ms] [INFO] [Status] محطة وقود | activeDevices: 0 | final status: طابور خفيف @ http://localhost:5173/app.js:340
[  845589ms] [INFO] [Status] محطة وقود | activeDevices: 0 | final status: طابور خفيف @ http://localhost:5173/app.js:340
[  845589ms] [INFO] [Status] Oilibya | activeDevices: 0 | final status: طابور خفيف @ http://localhost:5173/app.js:340
[  845589ms] [INFO] [Status] موزع غاز الطهي | activeDevices: 0 | final status: طابور خفيف @ http://localhost:5173/app.js:340
[  845589ms] [INFO] [Status] موزع غاز | activeDevices: 0 | final status: طابور خفيف @ http://localhost:5173/app.js:340
[  845589ms] [INFO] [Status] شركة البريقة لتسويق النفط مستودع الهاني | activeDevices: 0 | final status: طابور خفيف @ http://localhost:5173/app.js:340
[  845589ms] [INFO] [Status] محطة وقود ابوستة | activeDevices: 0 | final status: طابور خفيف @ http://localhost:5173/app.js:340
[  845589ms] [INFO] [Status] محطة وقود الشرارة | activeDevices: 0 | final status: طابور خفيف @ http://localhost:5173/app.js:340
[  845589ms] [INFO] [Status] محطة وقود بن عاشور | activeDevices: 0 | final status: زحمة @ http://localhost:5173/app.js:340
[  845589ms] [INFO] [Status] محطة وقود زاوية الدهماني | activeDevices: 0 | final status: طابور خفيف @ http://localhost:5173/app.js:340
[  845589ms] [INFO] [Status] محطة زاوية الدهماني للوقود | activeDevices: 0 | final status: طابور خفيف @ http://localhost:5173/app.js:340
[  845589ms] [INFO] [Status] Oilibya | activeDevices: 0 | final status: طابور خفيف @ http://localhost:5173/app.js:340
[  845589ms] [INFO] [Status] محطة وقود باب بن غشير | activeDevices: 0 | final status: طابور خفيف @ http://localhost:5173/app.js:340
[  845589ms] [INFO] [Status] محطة وقود | activeDevices: 0 | final status: طابور خفيف @ http://localhost:5173/app.js:340
[  845589ms] [INFO] [Status] محطة وقود الشرقية | activeDevices: 0 | final status: طابور خفيف @ http://localhost:5173/app.js:340
[  845589ms] [INFO] [Status] محطة وقود عرادة | activeDevices: 0 | final status: طابور خفيف @ http://localhost:5173/app.js:340
[  845589ms] [INFO] [Status] محطة وقود | activeDevices: 0 | final status: طابور خفيف @ http://localhost:5173/app.js:340
[  845589ms] [INFO] [Status] محطة وقود الهضبة | activeDevices: 0 | final status: طابور خفيف @ http://localhost:5173/app.js:340
[  845589ms] [INFO] [Status] محطة وقود غير مسماة - node/10051127673 | activeDevices: 0 | final status: طابور خفيف @ http://localhost:5173/app.js:340
[  845589ms] [INFO] [Status] محطة وقود | activeDevices: 0 | final status: طابور خفيف @ http://localhost:5173/app.js:340
[  845589ms] [INFO] [Status] محطة وقود شارع الصريم | activeDevices: 0 | final status: طابور خفيف @ http://localhost:5173/app.js:340
[  845590ms] [INFO] [Status] محطة وقود بركة | activeDevices: 0 | final status: طابور خفيف @ http://localhost:5173/app.js:340
[  845590ms] [INFO] [Status] محطة وقود | activeDevices: 0 | final status: طابور خفيف @ http://localhost:5173/app.js:340
[  845590ms] [INFO] [Status] محطة وقود الفلاح | activeDevices: 0 | final status: طابور خفيف @ http://localhost:5173/app.js:340
[  845590ms] [INFO] [Status] محطة وقود المنصورة | activeDevices: 0 | final status: طابور خفيف @ http://localhost:5173/app.js:340
[  845590ms] [INFO] [Status] محطة وقود أبوسليم | activeDevices: 0 | final status: طابور خفيف @ http://localhost:5173/app.js:340
[  845590ms] [INFO] [Status] محطة وقود السدرة -الراحلة | activeDevices: 0 | final status: طابور خفيف @ http://localhost:5173/app.js:340
[  845590ms] [INFO] [Status] محطة وقود | activeDevices: 0 | final status: طابور خفيف @ http://localhost:5173/app.js:340
[  845590ms] [INFO] [Status] محطة وقود طريق المشتل | activeDevices: 0 | final status: طابور خفيف @ http://localhost:5173/app.js:340
[  845590ms] [INFO] [Status] محطة وقود الراحلة | activeDevices: 0 | final status: عالبومبة طول @ http://localhost:5173/app.js:340
[  845590ms] [INFO] [Status] محطة وقود | activeDevices: 0 | final status: طابور خفيف @ http://localhost:5173/app.js:340
[  845590ms] [INFO] [Status] محطة وقود السويحلي | activeDevices: 0 | final status: طابور خفيف @ http://localhost:5173/app.js:340
[  845590ms] [INFO] [Status] محطة وقود الفلاح | activeDevices: 0 | final status: طابور خفيف @ http://localhost:5173/app.js:340
[  845590ms] [INFO] [Status] محطة وقود البيفي | activeDevices: 0 | final status: طابور خفيف @ http://localhost:5173/app.js:340
[  845590ms] [INFO] [Status] محطة وقود / برقان | activeDevices: 0 | final status: طابور خفيف @ http://localhost:5173/app.js:340
[  845590ms] [INFO] [Status] محطة وقود / الجبو | activeDevices: 0 | final status: طابور خفيف @ http://localhost:5173/app.js:340
[  845590ms] [INFO] [Status] محطة وقود | activeDevices: 0 | final status: مسكر @ http://localhost:5173/app.js:340
[  845590ms] [INFO] [Status] محطة وقود الخبولي | activeDevices: 0 | final status: طابور خفيف @ http://localhost:5173/app.js:340
[  845590ms] [INFO] [Status] محطة وقود | activeDevices: 0 | final status: طابور خفيف @ http://localhost:5173/app.js:340
[  845590ms] [INFO] [Status] محطة وقود | activeDevices: 0 | final status: طابور خفيف @ http://localhost:5173/app.js:340
[  845590ms] [INFO] [Status] محطة وقود | activeDevices: 0 | final status: طابور خفيف @ http://localhost:5173/app.js:340
[  845590ms] [INFO] [Status] محطة وقود | activeDevices: 0 | final status: طابور خفيف @ http://localhost:5173/app.js:340
[  845590ms] [INFO] [Status] أويليبيا | activeDevices: 0 | final status: طابور خفيف @ http://localhost:5173/app.js:340
[  845590ms] [INFO] [Status] محطة وقود | activeDevices: 0 | final status: طابور خفيف @ http://localhost:5173/app.js:340
[  845590ms] [INFO] [Status] أويليبيا | activeDevices: 0 | final status: طابور خفيف @ http://localhost:5173/app.js:340
[  845590ms] [INFO] [Status] محطة توزيع غاز | activeDevices: 0 | final status: طابور خفيف @ http://localhost:5173/app.js:340
[  845590ms] [INFO] [Status] محطة وقود | activeDevices: 0 | final status: طابور خفيف @ http://localhost:5173/app.js:340
[  845590ms] [INFO] [Status] محطة وقود غير مسماة - node/12492729341 | activeDevices: 0 | final status: طابور خفيف @ http://localhost:5173/app.js:340
[  845590ms] [INFO] [Status] محطة وقود | activeDevices: 0 | final status: طابور خفيف @ http://localhost:5173/app.js:340
[  845591ms] [INFO] [Status] محطة وقود | activeDevices: 0 | final status: طابور خفيف @ http://localhost:5173/app.js:340
[  845591ms] [INFO] [Status] غاز بنبلي | activeDevices: 0 | final status: طابور خفيف @ http://localhost:5173/app.js:340
[  845591ms] [INFO] [Status] محطة وقود البوعيشي | activeDevices: 0 | final status: طابور خفيف @ http://localhost:5173/app.js:340
[  845591ms] [INFO] [Status] محطة وقود اسبان | activeDevices: 0 | final status: طابور خفيف @ http://localhost:5173/app.js:340
[  845591ms] [INFO] [Status] محطة وقود اسبان | activeDevices: 0 | final status: طابور خفيف @ http://localhost:5173/app.js:340
[  845591ms] [INFO] [Status] محطة وقود أحمد محمود | activeDevices: 0 | final status: طابور خفيف @ http://localhost:5173/app.js:340
[  845591ms] [INFO] [Status] محطة وقود المشري | activeDevices: 0 | final status: طابور خفيف @ http://localhost:5173/app.js:340
[  845591ms] [INFO] [Status] محطة وقود تاجواء الوسط | activeDevices: 0 | final status: طابور خفيف @ http://localhost:5173/app.js:340
[  845591ms] [INFO] [Status] محطة وقود | activeDevices: 0 | final status: طابور خفيف @ http://localhost:5173/app.js:340
[  845591ms] [INFO] [Status] محطة وقود | activeDevices: 0 | final status: مسكر @ http://localhost:5173/app.js:340
[  845591ms] [INFO] [Status] محطة وقود الشعافي | activeDevices: 0 | final status: طابور خفيف @ http://localhost:5173/app.js:340
[  845591ms] [INFO] [Status] محطة وقود السويحلي | activeDevices: 0 | final status: مسكر @ http://localhost:5173/app.js:340
[  845591ms] [INFO] [Status] محطة وقود | activeDevices: 0 | final status: طابور خفيف @ http://localhost:5173/app.js:340
[  845591ms] [INFO] [Status] محطة وقود | activeDevices: 0 | final status: عالبومبة طول @ http://localhost:5173/app.js:340
[  845591ms] [INFO] [Status] محطة وقود | activeDevices: 0 | final status: طابور خفيف @ http://localhost:5173/app.js:340
[  845591ms] [INFO] [Status] محطة وقود غوط الشعال | activeDevices: 0 | final status: طابور خفيف @ http://localhost:5173/app.js:340
[  845591ms] [INFO] [Status] محطة وقود | activeDevices: 0 | final status: طابور خفيف @ http://localhost:5173/app.js:340
[  845591ms] [INFO] [Status] محطة ابو نواس | activeDevices: 0 | final status: طابور خفيف @ http://localhost:5173/app.js:340
[  845591ms] [INFO] [Status] محطة وقود بير | activeDevices: 0 | final status: طابور خفيف @ http://localhost:5173/app.js:340
[  845591ms] [INFO] [Status] محطة وقود ابونواس | activeDevices: 0 | final status: طابور خفيف @ http://localhost:5173/app.js:340
[  845591ms] [INFO] [Status] محطة وقود القاضي | activeDevices: 0 | final status: طابور خفيف @ http://localhost:5173/app.js:340
[  845591ms] [INFO] [Status] محطة وقود | activeDevices: 0 | final status: طابور خفيف @ http://localhost:5173/app.js:340
[  845591ms] [INFO] [Status] محطة وقود | activeDevices: 0 | final status: طابور خفيف @ http://localhost:5173/app.js:340
[  845591ms] [INFO] [Status] محطة وقود غير مسماة - way/569303812 | activeDevices: 0 | final status: طابور خفيف @ http://localhost:5173/app.js:340
[  845591ms] [INFO] [Status] Oilibya | activeDevices: 0 | final status: طابور خفيف @ http://localhost:5173/app.js:340
[  845591ms] [INFO] [Status] محطة وقود الضواحي ⛽ | activeDevices: 0 | final status: طابور خفيف @ http://localhost:5173/app.js:340
[  845591ms] [INFO] [Status] محطة وقود | activeDevices: 0 | final status: طابور خفيف @ http://localhost:5173/app.js:340
[  845591ms] [INFO] [Status] محطة وقود / شيل الرقبة | activeDevices: 0 | final status: طابور خفيف @ http://localhost:5173/app.js:340
[  845591ms] [INFO] [Status] محطة وقود | activeDevices: 0 | final status: طابور خفيف @ http://localhost:5173/app.js:340
[  845591ms] [INFO] [Status] موزع غاز حكومي | activeDevices: 0 | final status: طابور خفيف @ http://localhost:5173/app.js:340
[  845591ms] [INFO] [Status] محطة وقود | activeDevices: 0 | final status: طابور خفيف @ http://localhost:5173/app.js:340
[  845591ms] [INFO] [Status] محطة وقود بن غرسة | activeDevices: 0 | final status: طابور خفيف @ http://localhost:5173/app.js:340
[  845591ms] [INFO] [Status] محطة وقود | activeDevices: 0 | final status: زحمة @ http://localhost:5173/app.js:340
[  845592ms] [INFO] [Status] تحت الانشاء | activeDevices: 0 | final status: طابور خفيف @ http://localhost:5173/app.js:340
[  845592ms] [INFO] [Status] محطة وقود | activeDevices: 0 | final status: طابور خفيف @ http://localhost:5173/app.js:340
[  845592ms] [INFO] [Status] محطة وقود السلامة | activeDevices: 0 | final status: زحمة @ http://localhost:5173/app.js:340
[  845592ms] [INFO] [Status] محطة وقود | activeDevices: 0 | final status: طابور خفيف @ http://localhost:5173/app.js:340
[  845592ms] [INFO] [Status] محطة وقود | activeDevices: 0 | final status: طابور خفيف @ http://localhost:5173/app.js:340
[  845592ms] [INFO] [Status] محطة وقود غير مسماة - way/569420777 | activeDevices: 0 | final status: زحمة @ http://localhost:5173/app.js:340
[  845592ms] [INFO] [Status] محطة وقود الحبايبية | activeDevices: 0 | final status: عالبومبة طول @ http://localhost:5173/app.js:340
[  845592ms] [INFO] [Status] محطة وقود الرحمة | activeDevices: 0 | final status: طابور خفيف @ http://localhost:5173/app.js:340
[  845592ms] [INFO] [Status] محطة وقود | activeDevices: 0 | final status: طابور خفيف @ http://localhost:5173/app.js:340
[  845592ms] [INFO] [Status] محطة وقود السراج | activeDevices: 0 | final status: طابور خفيف @ http://localhost:5173/app.js:340
[  845592ms] [INFO] [Status] محطة وقود | activeDevices: 0 | final status: طابور خفيف @ http://localhost:5173/app.js:340
[  845592ms] [INFO] [Status] محطه شركة السلام - ليبيا نفط | activeDevices: 0 | final status: طابور خفيف @ http://localhost:5173/app.js:340
[  845592ms] [INFO] [Status] محطة وقود | activeDevices: 0 | final status: طابور خفيف @ http://localhost:5173/app.js:340
[  845592ms] [INFO] [Status] محطة وقود فتروش | activeDevices: 0 | final status: طابور خفيف @ http://localhost:5173/app.js:340
[  845592ms] [INFO] [Status] محطة وقود غير مسماة - way/875267927 | activeDevices: 0 | final status: طابور خفيف @ http://localhost:5173/app.js:340
[  845592ms] [INFO] [Status] محطة وقود بير العالم | activeDevices: 0 | final status: طابور خفيف @ http://localhost:5173/app.js:340
[  845592ms] [INFO] [Status] محطة وقود كرواط | activeDevices: 0 | final status: طابور خفيف @ http://localhost:5173/app.js:340
[  845592ms] [INFO] [Status] محطة وقود | activeDevices: 0 | final status: طابور خفيف @ http://localhost:5173/app.js:340
[  845592ms] [INFO] [Status] محطة وقود | activeDevices: 0 | final status: طابور خفيف @ http://localhost:5173/app.js:340
[  845592ms] [INFO] [Status] محطة وقود بير العالم | activeDevices: 0 | final status: طابور خفيف @ http://localhost:5173/app.js:340
[  845592ms] [INFO] [Status] محطة وقود المقرحي | activeDevices: 0 | final status: عالبومبة طول @ http://localhost:5173/app.js:340
[  845592ms] [INFO] [Status] محطة وقود المقرحي | activeDevices: 0 | final status: طابور خفيف @ http://localhost:5173/app.js:340
[  845592ms] [INFO] [Status] محطة وقود الضبيع | activeDevices: 0 | final status: طابور خفيف @ http://localhost:5173/app.js:340
[  845592ms] [INFO] [Status] محطة وقود | activeDevices: 0 | final status: طابور خفيف @ http://localhost:5173/app.js:340
[  845592ms] [INFO] [Status] محطة وقود الشرارة | activeDevices: 0 | final status: طابور خفيف @ http://localhost:5173/app.js:340
[  845592ms] [INFO] [Status] محطة المشاط | activeDevices: 0 | final status: طابور خفيف @ http://localhost:5173/app.js:340
[  845592ms] [INFO] [Status] محطة وقود غير مسماة - node/8014161288 | activeDevices: 0 | final status: طابور خفيف @ http://localhost:5173/app.js:340
[  845592ms] [INFO] [Status] محطة وقود المبدع | activeDevices: 0 | final status: طابور خفيف @ http://localhost:5173/app.js:340
[  845592ms] [INFO] [Status] محطة وقود | activeDevices: 0 | final status: طابور خفيف @ http://localhost:5173/app.js:340
[  845593ms] [INFO] [Home] total stations loaded: 114, rendered station count: 22, best station found: yes @ http://localhost:5173/app.js:382
